TileID,Cross,Batch,Tank,Recruit,RunningRecruit,Colour,TimePoint,Day,DHW,Treatment
2466,TT,TT1,1,1,1,5.017,0,2,0,Elevated
2452,TT,TT1,1,1,2,7.006,0,2,0,Elevated
2452,TT,TT1,1,2,3,7.268,0,2,0,Elevated
2452,TT,TT1,1,3,4,7.368,0,2,0,Elevated
2452,TT,TT1,1,4,5,7.59,0,2,0,Elevated
2452,TT,TT1,1,5,6,7.22,0,2,0,Elevated
2452,TT,TT1,1,6,7,7.793,0,2,0,Elevated
2452,TT,TT1,1,7,8,7.453,0,2,0,Elevated
2452,TT,TT1,1,8,9,7.028,0,2,0,Elevated
2452,TT,TT1,1,9,10,7.263,0,2,0,Elevated
2452,TT,TT1,1,10,11,6.244,0,2,0,Elevated
2452,TT,TT1,1,11,12,6.983,0,2,0,Elevated
2452,TT,TT1,1,12,13,7.414,0,2,0,Elevated
2452,TT,TT1,1,13,14,7.199,0,2,0,Elevated
2452,TT,TT1,1,14,15,7.336,0,2,0,Elevated
2452,TT,TT1,1,15,16,7.759,0,2,0,Elevated
2452,TT,TT1,1,16,17,7.895,0,2,0,Elevated
2452,TT,TT1,1,17,18,7.237,0,2,0,Elevated
2452,TT,TT1,1,18,19,7.673,0,2,0,Elevated
2452,TT,TT1,1,19,20,7.943,0,2,0,Elevated
2452,TT,TT1,1,20,21,7.668,0,2,0,Elevated
2452,TT,TT1,1,21,22,7.482,0,2,0,Elevated
2408,TT,TT1,1,1,23,6.647,0,2,0,Elevated
2408,TT,TT1,1,2,24,7.137,0,2,0,Elevated
2408,TT,TT1,1,3,25,5.996,0,2,0,Elevated
2408,TT,TT1,1,4,26,6.952,0,2,0,Elevated
2408,TT,TT1,1,5,27,6.503,0,2,0,Elevated
2408,TT,TT1,1,6,28,6.896,0,2,0,Elevated
2408,TT,TT1,1,7,29,6.983,0,2,0,Elevated
2586,TT,TT2,1,1,30,7.627,0,2,0,Elevated
2586,TT,TT2,1,2,31,7.781,0,2,0,Elevated
2586,TT,TT2,1,3,32,7.945,0,2,0,Elevated
2586,TT,TT2,1,4,33,8.09,0,2,0,Elevated
2058,LL,LL1,1,1,34,7.259,0,2,0,Elevated
2058,LL,LL1,1,3,35,7.677,0,2,0,Elevated
2058,LL,LL1,1,4,36,7.585,0,2,0,Elevated
2058,LL,LL1,1,5,37,7.255,0,2,0,Elevated
2058,LL,LL1,1,6,38,6.114,0,2,0,Elevated
2058,LL,LL1,1,7,39,7.097,0,2,0,Elevated
2058,LL,LL1,1,8,40,7.588,0,2,0,Elevated
2058,LL,LL1,1,9,41,7.717,0,2,0,Elevated
2058,LL,LL1,1,10,42,7.391,0,2,0,Elevated
2058,LL,LL1,1,13,43,7.653,0,2,0,Elevated
2058,LL,LL1,1,14,44,7.391,0,2,0,Elevated
2058,LL,LL1,1,15,45,7.837,0,2,0,Elevated
2058,LL,LL1,1,17,46,7.31,0,2,0,Elevated
2049,LL,LL1,1,1,47,6.439,0,2,0,Elevated
2049,LL,LL1,1,2,48,6.036,0,2,0,Elevated
2049,LL,LL1,1,3,49,7.287,0,2,0,Elevated
2049,LL,LL1,1,4,50,7.16,0,2,0,Elevated
2049,LL,LL1,1,5,51,7.403,0,2,0,Elevated
2049,LL,LL1,1,6,52,6.361,0,2,0,Elevated
2049,LL,LL1,1,7,53,7.059,0,2,0,Elevated
2049,LL,LL1,1,8,54,7.305,0,2,0,Elevated
2049,LL,LL1,1,9,55,6.983,0,2,0,Elevated
2049,LL,LL1,1,10,56,7.28,0,2,0,Elevated
2049,LL,LL1,1,11,57,6.763,0,2,0,Elevated
2102,LL,LL2,1,1,58,7.31,0,2,0,Elevated
2102,LL,LL2,1,2,59,6.382,0,2,0,Elevated
2102,LL,LL2,1,3,60,7.657,0,2,0,Elevated
2102,LL,LL2,1,6,61,7.265,0,2,0,Elevated
2102,LL,LL2,1,8,62,7.166,0,2,0,Elevated
2102,LL,LL2,1,10,63,7.888,0,2,0,Elevated
2102,LL,LL2,1,11,64,6.355,0,2,0,Elevated
2102,LL,LL2,1,12,65,8.032,0,2,0,Elevated
2102,LL,LL2,1,14,66,7.154,0,2,0,Elevated
2102,LL,LL2,1,16,67,6.655,0,2,0,Elevated
2102,LL,LL2,1,17,68,7.015,0,2,0,Elevated
2102,LL,LL2,1,18,69,7.202,0,2,0,Elevated
2102,LL,LL2,1,19,70,6.699,0,2,0,Elevated
2102,LL,LL2,1,21,71,7.049,0,2,0,Elevated
2102,LL,LL2,1,22,72,6.652,0,2,0,Elevated
2104,LL,LL2,1,1,73,7.952,0,2,0,Elevated
2189,LL,LL2,1,1,74,8.375,0,2,0,Elevated
2189,LL,LL2,1,3,75,7.962,0,2,0,Elevated
2257,TL,TL1,1,1,76,8.096,0,2,0,Elevated
2377,TL,TL2,1,1,77,6.78,0,2,0,Elevated
2411,TT,TT1,2,1,78,7.385,0,2,0,Elevated
2411,TT,TT1,2,2,79,7.64,0,2,0,Elevated
2411,TT,TT1,2,3,80,6.856,0,2,0,Elevated
2411,TT,TT1,2,4,81,7.558,0,2,0,Elevated
2411,TT,TT1,2,6,82,7.689,0,2,0,Elevated
2425,TT,TT1,2,1,83,5.97,0,2,0,Elevated
2425,TT,TT1,2,2,84,7.216,0,2,0,Elevated
2425,TT,TT1,2,3,85,6.066,0,2,0,Elevated
2425,TT,TT1,2,4,86,6.934,0,2,0,Elevated
2425,TT,TT1,2,5,87,5.7,0,2,0,Elevated
2425,TT,TT1,2,6,88,5.917,0,2,0,Elevated
2425,TT,TT1,2,7,89,6.422,0,2,0,Elevated
2425,TT,TT1,2,8,90,6.184,0,2,0,Elevated
2482,TT,TT1,2,1,91,7.387,0,2,0,Elevated
2482,TT,TT1,2,2,92,7.634,0,2,0,Elevated
2482,TT,TT1,2,3,93,7.651,0,2,0,Elevated
2482,TT,TT1,2,4,94,7.271,0,2,0,Elevated
2482,TT,TT1,2,5,95,6.956,0,2,0,Elevated
2482,TT,TT1,2,6,96,6.279,0,2,0,Elevated
2482,TT,TT1,2,7,97,6.624,0,2,0,Elevated
2482,TT,TT1,2,9,98,7.01,0,2,0,Elevated
2508,TT,TT2,2,1,99,7.315,0,2,0,Elevated
2057,LL,LL1,2,3,100,6.257,0,2,0,Elevated
2057,LL,LL1,2,4,101,7.232,0,2,0,Elevated
2057,LL,LL1,2,6,102,7.662,0,2,0,Elevated
2057,LL,LL1,2,7,103,7.545,0,2,0,Elevated
2057,LL,LL1,2,8,104,7.022,0,2,0,Elevated
2057,LL,LL1,2,9,105,7.572,0,2,0,Elevated
2057,LL,LL1,2,10,106,7.565,0,2,0,Elevated
2057,LL,LL1,2,11,107,7.467,0,2,0,Elevated
2057,LL,LL1,2,13,108,6.701,0,2,0,Elevated
2057,LL,LL1,2,14,109,7.43,0,2,0,Elevated
2057,LL,LL1,2,15,110,6.546,0,2,0,Elevated
2057,LL,LL1,2,16,111,6.68,0,2,0,Elevated
2057,LL,LL1,2,17,112,7.515,0,2,0,Elevated
2057,LL,LL1,2,18,113,7.305,0,2,0,Elevated
2057,LL,LL1,2,19,114,7.099,0,2,0,Elevated
2057,LL,LL1,2,20,115,7.276,0,2,0,Elevated
2057,LL,LL1,2,21,116,7.195,0,2,0,Elevated
2057,LL,LL1,2,22,117,7.068,0,2,0,Elevated
2057,LL,LL1,2,23,118,7.437,0,2,0,Elevated
2057,LL,LL1,2,24,119,6.661,0,2,0,Elevated
2057,LL,LL1,2,25,120,6.756,0,2,0,Elevated
2057,LL,LL1,2,26,121,7.184,0,2,0,Elevated
2057,LL,LL1,2,27,122,6.949,0,2,0,Elevated
2057,LL,LL1,2,28,123,7.297,0,2,0,Elevated
2053,LL,LL1,2,1,124,NA,0,2,0,Elevated
2053,LL,LL1,2,2,125,NA,0,2,0,Elevated
2053,LL,LL1,2,3,126,NA,0,2,0,Elevated
2053,LL,LL1,2,4,127,NA,0,2,0,Elevated
2053,LL,LL1,2,5,128,NA,0,2,0,Elevated
2053,LL,LL1,2,6,129,NA,0,2,0,Elevated
2053,LL,LL1,2,7,130,NA,0,2,0,Elevated
2053,LL,LL1,2,8,131,NA,0,2,0,Elevated
2053,LL,LL1,2,9,132,NA,0,2,0,Elevated
2053,LL,LL1,2,10,133,NA,0,2,0,Elevated
2053,LL,LL1,2,11,134,NA,0,2,0,Elevated
2053,LL,LL1,2,12,135,NA,0,2,0,Elevated
2035,LL,LL1,2,1,136,7.287,0,2,0,Elevated
2019,LL,LL1,2,1,137,6.582,0,2,0,Elevated
2019,LL,LL1,2,2,138,7.174,0,2,0,Elevated
2114,LL,LL2,2,2,139,6.653,0,2,0,Elevated
2114,LL,LL2,2,3,140,7.657,0,2,0,Elevated
2114,LL,LL2,2,4,141,6.93,0,2,0,Elevated
2114,LL,LL2,2,5,142,7.472,0,2,0,Elevated
2114,LL,LL2,2,6,143,7.406,0,2,0,Elevated
2114,LL,LL2,2,8,144,7.009,0,2,0,Elevated
2114,LL,LL2,2,9,145,6.998,0,2,0,Elevated
2114,LL,LL2,2,10,146,7.133,0,2,0,Elevated
2114,LL,LL2,2,11,147,7.389,0,2,0,Elevated
2114,LL,LL2,2,12,148,7.67,0,2,0,Elevated
2114,LL,LL2,2,13,149,7.871,0,2,0,Elevated
2116,LL,LL2,2,1,150,7.323,0,2,0,Elevated
2116,LL,LL2,2,2,151,6.966,0,2,0,Elevated
2107,LL,LL2,2,1,152,6.037,0,2,0,Elevated
2107,LL,LL2,2,2,153,7.407,0,2,0,Elevated
2107,LL,LL2,2,3,154,7.338,0,2,0,Elevated
2107,LL,LL2,2,4,155,7.353,0,2,0,Elevated
2107,LL,LL2,2,5,156,7.689,0,2,0,Elevated
2107,LL,LL2,2,6,157,7.776,0,2,0,Elevated
2107,LL,LL2,2,7,158,7.372,0,2,0,Elevated
2107,LL,LL2,2,11,159,7.665,0,2,0,Elevated
2107,LL,LL2,2,12,160,7.248,0,2,0,Elevated
2107,LL,LL2,2,13,161,6.922,0,2,0,Elevated
2107,LL,LL2,2,14,162,7.774,0,2,0,Elevated
2265,TL,TL1,2,1,163,7.068,0,2,0,Elevated
2294,TL,TL1,2,1,164,6.989,0,2,0,Elevated
2470,TT,TT1,3,1,165,6.976,0,2,0,Ambient
2470,TT,TT1,3,2,166,7.099,0,2,0,Ambient
2412,TT,TT1,3,1,167,6.676,0,2,0,Ambient
2412,TT,TT1,3,2,168,7.026,0,2,0,Ambient
2446,TT,TT1,3,1,169,6.431,0,2,0,Ambient
2446,TT,TT1,3,2,170,6.193,0,2,0,Ambient
2446,TT,TT1,3,3,171,6.654,0,2,0,Ambient
2446,TT,TT1,3,4,172,6.9,0,2,0,Ambient
2446,TT,TT1,3,5,173,6.613,0,2,0,Ambient
2446,TT,TT1,3,6,174,6.637,0,2,0,Ambient
2446,TT,TT1,3,7,175,6.336,0,2,0,Ambient
2446,TT,TT1,3,8,176,6.778,0,2,0,Ambient
2446,TT,TT1,3,9,177,6.441,0,2,0,Ambient
2010,LL,LL1,3,1,178,5.556,0,2,0,Ambient
2010,LL,LL1,3,2,179,6.427,0,2,0,Ambient
2010,LL,LL1,3,3,180,6.539,0,2,0,Ambient
2010,LL,LL1,3,4,181,6.547,0,2,0,Ambient
2010,LL,LL1,3,5,182,6.384,0,2,0,Ambient
2050,LL,LL1,3,1,183,7.665,0,2,0,Ambient
2050,LL,LL1,3,2,184,6.415,0,2,0,Ambient
2014,LL,LL1,3,1,185,5.942,0,2,0,Ambient
2054,LL,LL1,3,1,186,6.186,0,2,0,Ambient
2054,LL,LL1,3,2,187,6.347,0,2,0,Ambient
2054,LL,LL1,3,3,188,6.346,0,2,0,Ambient
2054,LL,LL1,3,4,189,5.653,0,2,0,Ambient
2054,LL,LL1,3,5,190,5.911,0,2,0,Ambient
2054,LL,LL1,3,6,191,6.094,0,2,0,Ambient
2054,LL,LL1,3,7,192,6.767,0,2,0,Ambient
2054,LL,LL1,3,8,193,5.823,0,2,0,Ambient
2054,LL,LL1,3,9,194,6.216,0,2,0,Ambient
2054,LL,LL1,3,10,195,5.631,0,2,0,Ambient
2054,LL,LL1,3,11,196,5.498,0,2,0,Ambient
2054,LL,LL1,3,13,197,6.849,0,2,0,Ambient
2065,LL,LL1,3,1,198,6.413,0,2,0,Ambient
2065,LL,LL1,3,2,199,7.425,0,2,0,Ambient
2065,LL,LL1,3,3,200,6.6,0,2,0,Ambient
2065,LL,LL1,3,4,201,6.802,0,2,0,Ambient
2155,LL,LL2,3,1,202,7.745,0,2,0,Ambient
2155,LL,LL2,3,2,203,6.859,0,2,0,Ambient
2155,LL,LL2,3,3,204,6.464,0,2,0,Ambient
2155,LL,LL2,3,4,205,6.717,0,2,0,Ambient
2155,LL,LL2,3,5,206,7.228,0,2,0,Ambient
2155,LL,LL2,3,6,207,7.061,0,2,0,Ambient
2155,LL,LL2,3,7,208,6.876,0,2,0,Ambient
2232,TL,TL1,3,1,209,6.692,0,2,0,Ambient
2232,TL,TL1,3,2,210,6.775,0,2,0,Ambient
2232,TL,TL1,3,3,211,6.847,0,2,0,Ambient
2381,TL,TL2,3,1,212,6.458,0,2,0,Ambient
2381,TL,TL2,3,2,213,5.944,0,2,0,Ambient
2410,TT,TT1,4,1,214,7.02,0,2,0,Ambient
2410,TT,TT1,4,2,215,7.241,0,2,0,Ambient
2410,TT,TT1,4,3,216,7.033,0,2,0,Ambient
2410,TT,TT1,4,4,217,7.07,0,2,0,Ambient
2410,TT,TT1,4,5,218,6.951,0,2,0,Ambient
2410,TT,TT1,4,6,219,7.431,0,2,0,Ambient
2410,TT,TT1,4,7,220,7.252,0,2,0,Ambient
2410,TT,TT1,4,8,221,7.373,0,2,0,Ambient
2410,TT,TT1,4,9,222,7.009,0,2,0,Ambient
2410,TT,TT1,4,10,223,7.236,0,2,0,Ambient
2410,TT,TT1,4,11,224,7.15,0,2,0,Ambient
2410,TT,TT1,4,12,225,7.179,0,2,0,Ambient
2410,TT,TT1,4,13,226,6.886,0,2,0,Ambient
2410,TT,TT1,4,14,227,7.445,0,2,0,Ambient
2410,TT,TT1,4,15,228,7.625,0,2,0,Ambient
2410,TT,TT1,4,16,229,7.188,0,2,0,Ambient
2410,TT,TT1,4,17,230,6.358,0,2,0,Ambient
2410,TT,TT1,4,18,231,7.135,0,2,0,Ambient
2410,TT,TT1,4,19,232,6.519,0,2,0,Ambient
2410,TT,TT1,4,20,233,6.894,0,2,0,Ambient
2410,TT,TT1,4,21,234,6.851,0,2,0,Ambient
2410,TT,TT1,4,22,235,6.548,0,2,0,Ambient
2410,TT,TT1,4,23,236,7.077,0,2,0,Ambient
2410,TT,TT1,4,24,237,7.204,0,2,0,Ambient
2410,TT,TT1,4,25,238,7.153,0,2,0,Ambient
2459,TT,TT1,4,1,239,6.758,0,2,0,Ambient
2459,TT,TT1,4,1,240,5.951,0,2,0,Ambient
2459,TT,TT1,4,2,241,5.779,0,2,0,Ambient
2459,TT,TT1,4,3,242,6.845,0,2,0,Ambient
2520,TT,TT2,4,1,243,7.177,0,2,0,Ambient
2036,LL,LL1,4,1,244,6.576,0,2,0,Ambient
2036,LL,LL1,4,2,245,6.661,0,2,0,Ambient
2036,LL,LL1,4,3,246,6.537,0,2,0,Ambient
2036,LL,LL1,4,1,247,2.068,0,2,0,Ambient
2036,LL,LL1,4,2,248,6.366,0,2,0,Ambient
2036,LL,LL1,4,3,249,5.653,0,2,0,Ambient
2036,LL,LL1,4,4,250,3.738,0,2,0,Ambient
2036,LL,LL1,4,5,251,7.93,0,2,0,Ambient
2036,LL,LL1,4,6,252,7.664,0,2,0,Ambient
2036,LL,LL1,4,7,253,6.688,0,2,0,Ambient
2036,LL,LL1,4,8,254,7.332,0,2,0,Ambient
2036,LL,LL1,4,9,255,6.008,0,2,0,Ambient
2036,LL,LL1,4,10,256,7.467,0,2,0,Ambient
2036,LL,LL1,4,11,257,7.106,0,2,0,Ambient
2036,LL,LL1,4,12,258,7.64,0,2,0,Ambient
2036,LL,LL1,4,13,259,7.539,0,2,0,Ambient
2017,LL,LL1,4,1,260,6.115,0,2,0,Ambient
2017,LL,LL1,4,2,261,6.303,0,2,0,Ambient
2017,LL,LL1,4,3,262,6.541,0,2,0,Ambient
2017,LL,LL1,4,4,263,6.592,0,2,0,Ambient
2017,LL,LL1,4,5,264,6.496,0,2,0,Ambient
2009,LL,LL1,4,1,265,6.682,0,2,0,Ambient
2009,LL,LL1,4,2,266,6.887,0,2,0,Ambient
2009,LL,LL1,4,3,267,6.709,0,2,0,Ambient
2015,LL,LL1,4,1,268,7.03,0,2,0,Ambient
2015,LL,LL1,4,2,269,7.81,0,2,0,Ambient
2015,LL,LL1,4,3,270,6.707,0,2,0,Ambient
2069,LL,LL1,4,1,271,6.242,0,2,0,Ambient
2069,LL,LL1,4,2,272,5.627,0,2,0,Ambient
2069,LL,LL1,4,3,273,6.931,0,2,0,Ambient
2069,LL,LL1,4,4,274,7.657,0,2,0,Ambient
2069,LL,LL1,4,5,275,6.97,0,2,0,Ambient
2069,LL,LL1,4,6,276,7.747,0,2,0,Ambient
2069,LL,LL1,4,7,277,6.295,0,2,0,Ambient
2069,LL,LL1,4,8,278,7.156,0,2,0,Ambient
2117,LL,LL2,4,1,279,7.146,0,2,0,Ambient
2117,LL,LL2,4,2,280,6.845,0,2,0,Ambient
2117,LL,LL2,4,3,281,7.699,0,2,0,Ambient
2117,LL,LL2,4,4,282,6.545,0,2,0,Ambient
2117,LL,LL2,4,5,283,7.666,0,2,0,Ambient
2117,LL,LL2,4,6,284,6.499,0,2,0,Ambient
2117,LL,LL2,4,7,285,6.204,0,2,0,Ambient
2117,LL,LL2,4,8,286,6.529,0,2,0,Ambient
2117,LL,LL2,4,9,287,6.415,0,2,0,Ambient
2117,LL,LL2,4,10,288,6.594,0,2,0,Ambient
2117,LL,LL2,4,11,289,6.804,0,2,0,Ambient
2117,LL,LL2,4,12,290,6.431,0,2,0,Ambient
2117,LL,LL2,4,13,291,6.728,0,2,0,Ambient
2117,LL,LL2,4,14,292,6.747,0,2,0,Ambient
2117,LL,LL2,4,15,293,7.552,0,2,0,Ambient
2117,LL,LL2,4,16,294,7.822,0,2,0,Ambient
2117,LL,LL2,4,17,295,7.404,0,2,0,Ambient
2117,LL,LL2,4,18,296,7.444,0,2,0,Ambient
2117,LL,LL2,4,19,297,6.974,0,2,0,Ambient
2117,LL,LL2,4,21,298,7.637,0,2,0,Ambient
2117,LL,LL2,4,22,299,7.013,0,2,0,Ambient
2117,LL,LL2,4,25,300,7.877,0,2,0,Ambient
2117,LL,LL2,4,26,301,7.713,0,2,0,Ambient
2117,LL,LL2,4,27,302,7.336,0,2,0,Ambient
2117,LL,LL2,4,28,303,7.656,0,2,0,Ambient
2117,LL,LL2,4,29,304,7.774,0,2,0,Ambient
2117,LL,LL2,4,30,305,7.663,0,2,0,Ambient
2117,LL,LL2,4,31,306,7.786,0,2,0,Ambient
2117,LL,LL2,4,33,307,7.724,0,2,0,Ambient
2117,LL,LL2,4,34,308,7.398,0,2,0,Ambient
2117,LL,LL2,4,35,309,7.487,0,2,0,Ambient
2398,TL,TL2,4,1,310,7.156,0,2,0,Ambient
2420,TT,TT1,5,1,311,7.458,0,2,0,Elevated
2420,TT,TT1,5,2,312,6.712,0,2,0,Elevated
2420,TT,TT1,5,3,313,7.58,0,2,0,Elevated
2420,TT,TT1,5,4,314,7.949,0,2,0,Elevated
2420,TT,TT1,5,5,315,7.075,0,2,0,Elevated
2420,TT,TT1,5,6,316,7.843,0,2,0,Elevated
2420,TT,TT1,5,7,317,7.578,0,2,0,Elevated
2420,TT,TT1,5,8,318,6.84,0,2,0,Elevated
2420,TT,TT1,5,9,319,7.163,0,2,0,Elevated
2420,TT,TT1,5,10,320,7.433,0,2,0,Elevated
2420,TT,TT1,5,11,321,6.968,0,2,0,Elevated
2420,TT,TT1,5,12,322,7.065,0,2,0,Elevated
2420,TT,TT1,5,13,323,7.391,0,2,0,Elevated
2405,TT,TT1,5,1,324,6.124,0,2,0,Elevated
2405,TT,TT1,5,2,325,6.156,0,2,0,Elevated
2405,TT,TT1,5,3,326,5.549,0,2,0,Elevated
2405,TT,TT1,5,4,327,4.9,0,2,0,Elevated
2405,TT,TT1,5,5,328,6.333,0,2,0,Elevated
2405,TT,TT1,5,6,329,4.839,0,2,0,Elevated
2507,TT,TT2,5,1,330,6.964,0,2,0,Elevated
2507,TT,TT2,5,2,331,6.323,0,2,0,Elevated
2507,TT,TT2,5,3,332,6.408,0,2,0,Elevated
2580,TT,TT2,5,1,333,6.27,0,2,0,Elevated
2580,TT,TT2,5,2,334,6.832,0,2,0,Elevated
2091,LL,LL1,5,1,335,6.797,0,2,0,Elevated
2091,LL,LL1,5,2,336,7.412,0,2,0,Elevated
2091,LL,LL1,5,3,337,5.455,0,2,0,Elevated
2011,LL,LL1,5,1,338,5.693,0,2,0,Elevated
2011,LL,LL1,5,4,339,5.656,0,2,0,Elevated
2011,LL,LL1,5,5,340,5.477,0,2,0,Elevated
2011,LL,LL1,5,6,341,5.613,0,2,0,Elevated
2012,LL,LL1,5,1,342,6.401,0,2,0,Elevated
2012,LL,LL1,5,2,343,6.244,0,2,0,Elevated
2012,LL,LL1,5,3,344,6.343,0,2,0,Elevated
2012,LL,LL1,5,4,345,7.177,0,2,0,Elevated
2012,LL,LL1,5,5,346,7.158,0,2,0,Elevated
2012,LL,LL1,5,6,347,6.185,0,2,0,Elevated
2070,LL,LL1,5,1,348,6.162,0,2,0,Elevated
2070,LL,LL1,5,2,349,7.406,0,2,0,Elevated
2070,LL,LL1,5,3,350,5.559,0,2,0,Elevated
2070,LL,LL1,5,4,351,6.258,0,2,0,Elevated
2070,LL,LL1,5,5,352,6.622,0,2,0,Elevated
2070,LL,LL1,5,6,353,6.777,0,2,0,Elevated
2070,LL,LL1,5,7,354,5.885,0,2,0,Elevated
2070,LL,LL1,5,8,355,6.255,0,2,0,Elevated
2070,LL,LL1,5,9,356,6.731,0,2,0,Elevated
2070,LL,LL1,5,10,357,6.144,0,2,0,Elevated
2070,LL,LL1,5,11,358,6.026,0,2,0,Elevated
2070,LL,LL1,5,12,359,6.794,0,2,0,Elevated
2070,LL,LL1,5,13,360,6.801,0,2,0,Elevated
2070,LL,LL1,5,14,361,6.213,0,2,0,Elevated
2070,LL,LL1,5,15,362,7.073,0,2,0,Elevated
2040,LL,LL1,5,1,363,5.932,0,2,0,Elevated
2040,LL,LL1,5,2,364,6.385,0,2,0,Elevated
2040,LL,LL1,5,3,365,6.309,0,2,0,Elevated
2040,LL,LL1,5,4,366,7.683,0,2,0,Elevated
2040,LL,LL1,5,5,367,7.649,0,2,0,Elevated
2040,LL,LL1,5,6,368,5.93,0,2,0,Elevated
2040,LL,LL1,5,7,369,5.019,0,2,0,Elevated
2175,LL,LL2,5,1,370,6.085,0,2,0,Elevated
2175,LL,LL2,5,2,371,6.106,0,2,0,Elevated
2200,LL,LL2,5,1,372,6.724,0,2,0,Elevated
2200,LL,LL2,5,2,373,6.683,0,2,0,Elevated
2200,LL,LL2,5,3,374,7.146,0,2,0,Elevated
2200,LL,LL2,5,4,375,6.354,0,2,0,Elevated
2201,TL,TL1,5,1,376,7.054,0,2,0,Elevated
2419,TT,TT1,6,1,377,7.029,0,2,0,Elevated
2429,TT,TT1,6,1,378,7.583,0,2,0,Elevated
2429,TT,TT1,6,2,379,6.601,0,2,0,Elevated
2429,TT,TT1,6,3,380,8.699,0,2,0,Elevated
2429,TT,TT1,6,4,381,7.02,0,2,0,Elevated
2429,TT,TT1,6,5,382,6.969,0,2,0,Elevated
2429,TT,TT1,6,6,383,7.067,0,2,0,Elevated
2429,TT,TT1,6,7,384,6.996,0,2,0,Elevated
2429,TT,TT1,6,8,385,7.064,0,2,0,Elevated
2429,TT,TT1,6,9,386,7.064,0,2,0,Elevated
2429,TT,TT1,6,10,387,7.28,0,2,0,Elevated
2429,TT,TT1,6,11,388,6.373,0,2,0,Elevated
2429,TT,TT1,6,12,389,6.734,0,2,0,Elevated
2429,TT,TT1,6,13,390,6.733,0,2,0,Elevated
2429,TT,TT1,6,14,391,6.289,0,2,0,Elevated
2429,TT,TT1,6,15,392,6.794,0,2,0,Elevated
2429,TT,TT1,6,16,393,6.872,0,2,0,Elevated
2429,TT,TT1,6,17,394,6.027,0,2,0,Elevated
2417,TT,TT1,6,1,395,7.551,0,2,0,Elevated
2417,TT,TT1,6,2,396,7.365,0,2,0,Elevated
2417,TT,TT1,6,3,397,7.039,0,2,0,Elevated
2417,TT,TT1,6,4,398,7.306,0,2,0,Elevated
2505,TT,TT2,6,1,399,6.881,0,2,0,Elevated
2521,TT,TT2,6,1,400,7.078,0,2,0,Elevated
2521,TT,TT2,6,2,401,6.424,0,2,0,Elevated
2521,TT,TT2,6,3,402,7.012,0,2,0,Elevated
2521,TT,TT2,6,4,403,7.139,0,2,0,Elevated
2066,LL,LL1,6,1,404,6.042,0,2,0,Elevated
2066,LL,LL1,6,2,405,5.958,0,2,0,Elevated
2066,LL,LL1,6,3,406,5.647,0,2,0,Elevated
2066,LL,LL1,6,4,407,6.344,0,2,0,Elevated
2066,LL,LL1,6,5,408,6.748,0,2,0,Elevated
2033,LL,LL1,6,1,409,5.48,0,2,0,Elevated
2033,LL,LL1,6,2,410,5.971,0,2,0,Elevated
2033,LL,LL1,6,3,411,6.688,0,2,0,Elevated
2033,LL,LL1,6,4,412,7.168,0,2,0,Elevated
2033,LL,LL1,6,5,413,5.599,0,2,0,Elevated
2033,LL,LL1,6,6,414,6.236,0,2,0,Elevated
2033,LL,LL1,6,7,415,6.613,0,2,0,Elevated
2033,LL,LL1,6,8,416,5.285,0,2,0,Elevated
2033,LL,LL1,6,9,417,4.904,0,2,0,Elevated
2051,LL,LL1,6,1,418,6.668,0,2,0,Elevated
2051,LL,LL1,6,2,419,6.497,0,2,0,Elevated
2051,LL,LL1,6,3,420,6.504,0,2,0,Elevated
2051,LL,LL1,6,4,421,6.848,0,2,0,Elevated
2051,LL,LL1,6,5,422,6.473,0,2,0,Elevated
2051,LL,LL1,6,6,423,6.641,0,2,0,Elevated
2051,LL,LL1,6,7,424,7.012,0,2,0,Elevated
2051,LL,LL1,6,8,425,6.896,0,2,0,Elevated
2051,LL,LL1,6,9,426,6.379,0,2,0,Elevated
2051,LL,LL1,6,10,427,6.324,0,2,0,Elevated
2051,LL,LL1,6,11,428,6.378,0,2,0,Elevated
2051,LL,LL1,6,12,429,6.179,0,2,0,Elevated
2044,LL,LL1,6,1,430,6.871,0,2,0,Elevated
2044,LL,LL1,6,2,431,6.245,0,2,0,Elevated
2109,LL,LL2,6,1,432,6.098,0,2,0,Elevated
2109,LL,LL2,6,2,433,7.297,0,2,0,Elevated
2169,LL,LL2,6,1,434,6.625,0,2,0,Elevated
2169,LL,LL2,6,2,435,7.054,0,2,0,Elevated
2179,LL,LL2,6,1,436,6.622,0,2,0,Elevated
2179,LL,LL2,6,2,437,6.926,0,2,0,Elevated
2179,LL,LL2,6,3,438,6.531,0,2,0,Elevated
2179,LL,LL2,6,4,439,6.807,0,2,0,Elevated
2179,LL,LL2,6,5,440,7.257,0,2,0,Elevated
2179,LL,LL2,6,6,441,6.277,0,2,0,Elevated
2133,LL,LL2,6,1,442,6.213,0,2,0,Elevated
2204,TL,TL1,6,1,443,6.63,0,2,0,Elevated
2330,TL,TL2,6,1,444,6.861,0,2,0,Elevated
2413,TT,TT1,7,1,445,7.488,0,2,0,Ambient
2413,TT,TT1,7,2,446,7.948,0,2,0,Ambient
2413,TT,TT1,7,3,447,7.039,0,2,0,Ambient
2413,TT,TT1,7,4,448,7.421,0,2,0,Ambient
2413,TT,TT1,7,5,449,7.382,0,2,0,Ambient
2413,TT,TT1,7,6,450,7.081,0,2,0,Ambient
2413,TT,TT1,7,7,451,7.416,0,2,0,Ambient
2413,TT,TT1,7,8,452,7.483,0,2,0,Ambient
2413,TT,TT1,7,9,453,7.291,0,2,0,Ambient
2455,TT,TT1,7,1,454,6.47,0,2,0,Ambient
2455,TT,TT1,7,2,455,7.111,0,2,0,Ambient
2455,TT,TT1,7,3,456,7.476,0,2,0,Ambient
2455,TT,TT1,7,4,457,6.341,0,2,0,Ambient
2455,TT,TT1,7,5,458,6.674,0,2,0,Ambient
2455,TT,TT1,7,6,459,7.068,0,2,0,Ambient
2450,TT,TT1,7,1,460,5.158,0,2,0,Ambient
2450,TT,TT1,7,2,461,5.43,0,2,0,Ambient
2450,TT,TT1,7,3,462,5.776,0,2,0,Ambient
2450,TT,TT1,7,4,463,7.263,0,2,0,Ambient
2450,TT,TT1,7,5,464,6.491,0,2,0,Ambient
2450,TT,TT1,7,6,465,7.245,0,2,0,Ambient
2450,TT,TT1,7,7,466,6.461,0,2,0,Ambient
2450,TT,TT1,7,8,467,5.778,0,2,0,Ambient
2450,TT,TT1,7,9,468,5.89,0,2,0,Ambient
2450,TT,TT1,7,10,469,6.456,0,2,0,Ambient
2450,TT,TT1,7,11,470,5.719,0,2,0,Ambient
2569,TT,TT2,7,1,471,6.636,0,2,0,Ambient
2569,TT,TT2,7,2,472,7.282,0,2,0,Ambient
2013,LL,LL1,7,1,473,6.561,0,2,0,Ambient
2013,LL,LL1,7,2,474,7.019,0,2,0,Ambient
2013,LL,LL1,7,3,475,6.861,0,2,0,Ambient
2013,LL,LL1,7,4,476,7.185,0,2,0,Ambient
2013,LL,LL1,7,5,477,6.161,0,2,0,Ambient
2013,LL,LL1,7,6,478,6.955,0,2,0,Ambient
2013,LL,LL1,7,7,479,6.503,0,2,0,Ambient
2013,LL,LL1,7,8,480,6.883,0,2,0,Ambient
2013,LL,LL1,7,9,481,6.092,0,2,0,Ambient
2013,LL,LL1,7,10,482,6.699,0,2,0,Ambient
2031,LL,LL1,7,1,483,7.86,0,2,0,Ambient
2187,LL,LL2,7,1,484,6.746,0,2,0,Ambient
2170,LL,LL2,7,1,485,6.657,0,2,0,Ambient
2170,LL,LL2,7,2,486,6.111,0,2,0,Ambient
2170,LL,LL2,7,3,487,5.653,0,2,0,Ambient
2170,LL,LL2,7,4,488,6.694,0,2,0,Ambient
2170,LL,LL2,7,5,489,7.115,0,2,0,Ambient
2170,LL,LL2,7,6,490,7.147,0,2,0,Ambient
2170,LL,LL2,7,7,491,7.143,0,2,0,Ambient
2170,LL,LL2,7,8,492,6.552,0,2,0,Ambient
2170,LL,LL2,7,9,493,6.459,0,2,0,Ambient
2185,LL,LL2,7,1,494,6.175,0,2,0,Ambient
2426,TT,TT1,8,1,495,6.767,0,2,0,Ambient
2426,TT,TT1,8,2,496,6.684,0,2,0,Ambient
2426,TT,TT1,8,3,497,6.385,0,2,0,Ambient
2426,TT,TT1,8,4,498,7.004,0,2,0,Ambient
2426,TT,TT1,8,5,499,6.781,0,2,0,Ambient
2426,TT,TT1,8,6,500,6.503,0,2,0,Ambient
2426,TT,TT1,8,7,501,6.266,0,2,0,Ambient
2426,TT,TT1,8,8,502,6.816,0,2,0,Ambient
2426,TT,TT1,8,9,503,6.865,0,2,0,Ambient
2426,TT,TT1,8,10,504,6.015,0,2,0,Ambient
2426,TT,TT1,8,11,505,6.545,0,2,0,Ambient
2426,TT,TT1,8,12,506,7.038,0,2,0,Ambient
2426,TT,TT1,8,13,507,7.41,0,2,0,Ambient
2426,TT,TT1,8,14,508,7.772,0,2,0,Ambient
2426,TT,TT1,8,15,509,7.24,0,2,0,Ambient
2591,TT,TT2,8,1,510,9.403,0,2,0,Ambient
2591,TT,TT2,8,2,511,7.617,0,2,0,Ambient
2591,TT,TT2,8,3,512,7.541,0,2,0,Ambient
2502,TT,TT2,8,1,513,6.634,0,2,0,Ambient
2086,LL,LL1,8,1,514,7.203,0,2,0,Ambient
2086,LL,LL1,8,2,515,7.16,0,2,0,Ambient
2002,LL,LL1,8,1,516,7.267,0,2,0,Ambient
2002,LL,LL1,8,3,517,6.973,0,2,0,Ambient
2002,LL,LL1,8,4,518,6.85,0,2,0,Ambient
2002,LL,LL1,8,5,519,7.219,0,2,0,Ambient
2002,LL,LL1,8,6,520,7.31,0,2,0,Ambient
2002,LL,LL1,8,7,521,7.027,0,2,0,Ambient
2002,LL,LL1,8,8,522,7.063,0,2,0,Ambient
2002,LL,LL1,8,9,523,7.575,0,2,0,Ambient
2002,LL,LL1,8,10,524,6.348,0,2,0,Ambient
2002,LL,LL1,8,11,525,6.733,0,2,0,Ambient
2002,LL,LL1,8,12,526,6.94,0,2,0,Ambient
2003,LL,LL1,8,1,527,6.355,0,2,0,Ambient
2063,LL,LL1,8,1,528,7.22,0,2,0,Ambient
2063,LL,LL1,8,2,529,6.657,0,2,0,Ambient
2063,LL,LL1,8,3,530,6.803,0,2,0,Ambient
2063,LL,LL1,8,4,531,7.146,0,2,0,Ambient
2063,LL,LL1,8,5,532,5.713,0,2,0,Ambient
2063,LL,LL1,8,6,533,6.362,0,2,0,Ambient
2059,LL,LL1,8,1,534,6.433,0,2,0,Ambient
2059,LL,LL1,8,2,535,7.198,0,2,0,Ambient
2059,LL,LL1,8,3,536,5.837,0,2,0,Ambient
2059,LL,LL1,8,4,537,6.976,0,2,0,Ambient
2028,LL,LL1,8,1,538,7.079,0,2,0,Ambient
2067,LL,LL1,8,1,539,6.722,0,2,0,Ambient
2067,LL,LL1,8,2,540,6.935,0,2,0,Ambient
2067,LL,LL1,8,3,541,6.404,0,2,0,Ambient
2143,LL,LL2,8,1,542,6.329,0,2,0,Ambient
2134,LL,LL2,8,1,543,6.736,0,2,0,Ambient
2134,LL,LL2,8,2,544,6.768,0,2,0,Ambient
2134,LL,LL2,8,3,545,7.263,0,2,0,Ambient
2134,LL,LL2,8,4,546,7.555,0,2,0,Ambient
2134,LL,LL2,8,5,547,7.263,0,2,0,Ambient
2134,LL,LL2,8,6,548,6.402,0,2,0,Ambient
2134,LL,LL2,8,7,549,6.777,0,2,0,Ambient
2134,LL,LL2,8,8,550,7.226,0,2,0,Ambient
2134,LL,LL2,8,9,551,6.796,0,2,0,Ambient
2134,LL,LL2,8,10,552,7.313,0,2,0,Ambient
2134,LL,LL2,8,11,553,7.232,0,2,0,Ambient
2198,LL,LL2,8,1,554,7.164,0,2,0,Ambient
2127,LL,LL2,8,1,555,7.06,0,2,0,Ambient
2127,LL,LL2,8,2,556,6.104,0,2,0,Ambient
2136,LL,LL2,8,1,557,6.666,0,2,0,Ambient
2238,TL,TL1,8,1,558,6.949,0,2,0,Ambient
2238,TL,TL1,8,2,559,6.638,0,2,0,Ambient
2238,TL,TL1,8,3,560,7.172,0,2,0,Ambient
2310,TL,TL2,8,1,561,6.361,0,2,0,Ambient
2466,TT,TT1,1,1,1,NA,1,30,2.919757143,Elevated
2452,TT,TT1,1,1,2,7.19,1,30,2.919757143,Elevated
2452,TT,TT1,1,2,3,7.835,1,30,2.919757143,Elevated
2452,TT,TT1,1,3,4,7.772,1,30,2.919757143,Elevated
2452,TT,TT1,1,4,5,7.965,1,30,2.919757143,Elevated
2452,TT,TT1,1,5,6,7.778,1,30,2.919757143,Elevated
2452,TT,TT1,1,6,7,8.306,1,30,2.919757143,Elevated
2452,TT,TT1,1,7,8,8.121,1,30,2.919757143,Elevated
2452,TT,TT1,1,8,9,7.711,1,30,2.919757143,Elevated
2452,TT,TT1,1,9,10,NA,1,30,2.919757143,Elevated
2452,TT,TT1,1,10,11,7.27,1,30,2.919757143,Elevated
2452,TT,TT1,1,11,12,7.357,1,30,2.919757143,Elevated
2452,TT,TT1,1,12,13,NA,1,30,2.919757143,Elevated
2452,TT,TT1,1,13,14,7.696,1,30,2.919757143,Elevated
2452,TT,TT1,1,14,15,7.389,1,30,2.919757143,Elevated
2452,TT,TT1,1,15,16,7.926,1,30,2.919757143,Elevated
2452,TT,TT1,1,16,17,8.303,1,30,2.919757143,Elevated
2452,TT,TT1,1,17,18,7.86,1,30,2.919757143,Elevated
2452,TT,TT1,1,18,19,8.266,1,30,2.919757143,Elevated
2452,TT,TT1,1,19,20,8.538,1,30,2.919757143,Elevated
2452,TT,TT1,1,20,21,8.162,1,30,2.919757143,Elevated
2452,TT,TT1,1,21,22,7.927,1,30,2.919757143,Elevated
2408,TT,TT1,1,1,23,7.387,1,30,2.919757143,Elevated
2408,TT,TT1,1,2,24,7.551,1,30,2.919757143,Elevated
2408,TT,TT1,1,3,25,6.941,1,30,2.919757143,Elevated
2408,TT,TT1,1,4,26,7.431,1,30,2.919757143,Elevated
2408,TT,TT1,1,5,27,7.509,1,30,2.919757143,Elevated
2408,TT,TT1,1,6,28,7.096,1,30,2.919757143,Elevated
2408,TT,TT1,1,7,29,7.351,1,30,2.919757143,Elevated
2586,TT,TT2,1,1,30,7.687,1,30,2.919757143,Elevated
2586,TT,TT2,1,2,31,7.957,1,30,2.919757143,Elevated
2586,TT,TT2,1,3,32,7.83,1,30,2.919757143,Elevated
2586,TT,TT2,1,4,33,8.298,1,30,2.919757143,Elevated
2058,LL,LL1,1,1,34,7.725,1,30,2.919757143,Elevated
2058,LL,LL1,1,3,35,8.086,1,30,2.919757143,Elevated
2058,LL,LL1,1,4,36,7.88,1,30,2.919757143,Elevated
2058,LL,LL1,1,5,37,7.954,1,30,2.919757143,Elevated
2058,LL,LL1,1,6,38,7.666,1,30,2.919757143,Elevated
2058,LL,LL1,1,7,39,7.795,1,30,2.919757143,Elevated
2058,LL,LL1,1,8,40,8.215,1,30,2.919757143,Elevated
2058,LL,LL1,1,9,41,7.94,1,30,2.919757143,Elevated
2058,LL,LL1,1,10,42,7.883,1,30,2.919757143,Elevated
2058,LL,LL1,1,13,43,7.775,1,30,2.919757143,Elevated
2058,LL,LL1,1,14,44,7.942,1,30,2.919757143,Elevated
2058,LL,LL1,1,15,45,8.261,1,30,2.919757143,Elevated
2058,LL,LL1,1,17,46,8.166,1,30,2.919757143,Elevated
2049,LL,LL1,1,1,47,7.267,1,30,2.919757143,Elevated
2049,LL,LL1,1,2,48,6.452,1,30,2.919757143,Elevated
2049,LL,LL1,1,3,49,NA,1,30,2.919757143,Elevated
2049,LL,LL1,1,4,50,7.973,1,30,2.919757143,Elevated
2049,LL,LL1,1,5,51,8.009,1,30,2.919757143,Elevated
2049,LL,LL1,1,6,52,7.639,1,30,2.919757143,Elevated
2049,LL,LL1,1,7,53,7.54,1,30,2.919757143,Elevated
2049,LL,LL1,1,8,54,7.787,1,30,2.919757143,Elevated
2049,LL,LL1,1,9,55,NA,1,30,2.919757143,Elevated
2049,LL,LL1,1,10,56,7.487,1,30,2.919757143,Elevated
2049,LL,LL1,1,11,57,7.878,1,30,2.919757143,Elevated
2102,LL,LL2,1,1,58,8.332,1,30,2.919757143,Elevated
2102,LL,LL2,1,2,59,7.099,1,30,2.919757143,Elevated
2102,LL,LL2,1,3,60,8.098,1,30,2.919757143,Elevated
2102,LL,LL2,1,6,61,8.069,1,30,2.919757143,Elevated
2102,LL,LL2,1,8,62,7.995,1,30,2.919757143,Elevated
2102,LL,LL2,1,10,63,NA,1,30,2.919757143,Elevated
2102,LL,LL2,1,11,64,7.099,1,30,2.919757143,Elevated
2102,LL,LL2,1,12,65,7.38,1,30,2.919757143,Elevated
2102,LL,LL2,1,14,66,8.065,1,30,2.919757143,Elevated
2102,LL,LL2,1,16,67,7.562,1,30,2.919757143,Elevated
2102,LL,LL2,1,17,68,7.688,1,30,2.919757143,Elevated
2102,LL,LL2,1,18,69,8.47,1,30,2.919757143,Elevated
2102,LL,LL2,1,19,70,7.943,1,30,2.919757143,Elevated
2102,LL,LL2,1,21,71,8.247,1,30,2.919757143,Elevated
2102,LL,LL2,1,22,72,8.247,1,30,2.919757143,Elevated
2104,LL,LL2,1,1,73,7.763,1,30,2.919757143,Elevated
2189,LL,LL2,1,1,74,7.376,1,30,2.919757143,Elevated
2189,LL,LL2,1,3,75,8.215,1,30,2.919757143,Elevated
2257,TL,TL1,1,1,76,8.859,1,30,2.919757143,Elevated
2377,TL,TL2,1,1,77,7.545,1,30,2.919757143,Elevated
2411,TT,TT1,2,1,78,6.299,1,30,2.919757143,Elevated
2411,TT,TT1,2,2,79,8.167,1,30,2.919757143,Elevated
2411,TT,TT1,2,3,80,6.51,1,30,2.919757143,Elevated
2411,TT,TT1,2,4,81,7.83,1,30,2.919757143,Elevated
2411,TT,TT1,2,6,82,8.207,1,30,2.919757143,Elevated
2425,TT,TT1,2,1,83,NA,1,30,2.919757143,Elevated
2425,TT,TT1,2,2,84,7.972,1,30,2.919757143,Elevated
2425,TT,TT1,2,3,85,7.432,1,30,2.919757143,Elevated
2425,TT,TT1,2,4,86,NA,1,30,2.919757143,Elevated
2425,TT,TT1,2,5,87,6.701,1,30,2.919757143,Elevated
2425,TT,TT1,2,6,88,6.98,1,30,2.919757143,Elevated
2425,TT,TT1,2,7,89,6.46,1,30,2.919757143,Elevated
2425,TT,TT1,2,8,90,NA,1,30,2.919757143,Elevated
2482,TT,TT1,2,1,91,NA,1,30,2.919757143,Elevated
2482,TT,TT1,2,2,92,NA,1,30,2.919757143,Elevated
2482,TT,TT1,2,3,93,NA,1,30,2.919757143,Elevated
2482,TT,TT1,2,4,94,NA,1,30,2.919757143,Elevated
2482,TT,TT1,2,5,95,7.7,1,30,2.919757143,Elevated
2482,TT,TT1,2,6,96,7.368,1,30,2.919757143,Elevated
2482,TT,TT1,2,7,97,7.45,1,30,2.919757143,Elevated
2482,TT,TT1,2,9,98,8.218,1,30,2.919757143,Elevated
2508,TT,TT2,2,1,99,7.266,1,30,2.919757143,Elevated
2057,LL,LL1,2,3,100,NA,1,30,2.919757143,Elevated
2057,LL,LL1,2,4,101,7.969,1,30,2.919757143,Elevated
2057,LL,LL1,2,6,102,8.141,1,30,2.919757143,Elevated
2057,LL,LL1,2,7,103,7.837,1,30,2.919757143,Elevated
2057,LL,LL1,2,8,104,8.028,1,30,2.919757143,Elevated
2057,LL,LL1,2,9,105,8.345,1,30,2.919757143,Elevated
2057,LL,LL1,2,10,106,8.509,1,30,2.919757143,Elevated
2057,LL,LL1,2,11,107,7.546,1,30,2.919757143,Elevated
2057,LL,LL1,2,13,108,7.84,1,30,2.919757143,Elevated
2057,LL,LL1,2,14,109,NA,1,30,2.919757143,Elevated
2057,LL,LL1,2,15,110,7.418,1,30,2.919757143,Elevated
2057,LL,LL1,2,16,111,7.518,1,30,2.919757143,Elevated
2057,LL,LL1,2,17,112,7.9,1,30,2.919757143,Elevated
2057,LL,LL1,2,18,113,7.593,1,30,2.919757143,Elevated
2057,LL,LL1,2,19,114,7.705,1,30,2.919757143,Elevated
2057,LL,LL1,2,20,115,8.128,1,30,2.919757143,Elevated
2057,LL,LL1,2,21,116,8.158,1,30,2.919757143,Elevated
2057,LL,LL1,2,22,117,7.469,1,30,2.919757143,Elevated
2057,LL,LL1,2,23,118,8.119,1,30,2.919757143,Elevated
2057,LL,LL1,2,24,119,7.422,1,30,2.919757143,Elevated
2057,LL,LL1,2,25,120,7.945,1,30,2.919757143,Elevated
2057,LL,LL1,2,26,121,8.074,1,30,2.919757143,Elevated
2057,LL,LL1,2,27,122,7.498,1,30,2.919757143,Elevated
2057,LL,LL1,2,28,123,8.178,1,30,2.919757143,Elevated
2053,LL,LL1,2,1,124,7.234,1,30,2.919757143,Elevated
2053,LL,LL1,2,2,125,7.642,1,30,2.919757143,Elevated
2053,LL,LL1,2,3,126,7.842,1,30,2.919757143,Elevated
2053,LL,LL1,2,4,127,8.178,1,30,2.919757143,Elevated
2053,LL,LL1,2,5,128,8.236,1,30,2.919757143,Elevated
2053,LL,LL1,2,6,129,8.097,1,30,2.919757143,Elevated
2053,LL,LL1,2,7,130,7.376,1,30,2.919757143,Elevated
2053,LL,LL1,2,8,131,7.377,1,30,2.919757143,Elevated
2053,LL,LL1,2,9,132,6.938,1,30,2.919757143,Elevated
2053,LL,LL1,2,10,133,7.85,1,30,2.919757143,Elevated
2053,LL,LL1,2,11,134,7.065,1,30,2.919757143,Elevated
2053,LL,LL1,2,12,135,8.1,1,30,2.919757143,Elevated
2035,LL,LL1,2,1,136,8.034,1,30,2.919757143,Elevated
2019,LL,LL1,2,1,137,7.575,1,30,2.919757143,Elevated
2019,LL,LL1,2,2,138,7.807,1,30,2.919757143,Elevated
2114,LL,LL2,2,2,139,7.444,1,30,2.919757143,Elevated
2114,LL,LL2,2,3,140,7.868,1,30,2.919757143,Elevated
2114,LL,LL2,2,4,141,7.1,1,30,2.919757143,Elevated
2114,LL,LL2,2,5,142,NA,1,30,2.919757143,Elevated
2114,LL,LL2,2,6,143,7.755,1,30,2.919757143,Elevated
2114,LL,LL2,2,8,144,7.697,1,30,2.919757143,Elevated
2114,LL,LL2,2,9,145,7.815,1,30,2.919757143,Elevated
2114,LL,LL2,2,10,146,7.519,1,30,2.919757143,Elevated
2114,LL,LL2,2,11,147,7.775,1,30,2.919757143,Elevated
2114,LL,LL2,2,12,148,NA,1,30,2.919757143,Elevated
2114,LL,LL2,2,13,149,8.009,1,30,2.919757143,Elevated
2116,LL,LL2,2,1,150,7.607,1,30,2.919757143,Elevated
2116,LL,LL2,2,2,151,6.266,1,30,2.919757143,Elevated
2107,LL,LL2,2,1,152,6.389,1,30,2.919757143,Elevated
2107,LL,LL2,2,2,153,8.225,1,30,2.919757143,Elevated
2107,LL,LL2,2,3,154,8.07,1,30,2.919757143,Elevated
2107,LL,LL2,2,4,155,8.076,1,30,2.919757143,Elevated
2107,LL,LL2,2,5,156,NA,1,30,2.919757143,Elevated
2107,LL,LL2,2,6,157,NA,1,30,2.919757143,Elevated
2107,LL,LL2,2,7,158,8.107,1,30,2.919757143,Elevated
2107,LL,LL2,2,11,159,8.216,1,30,2.919757143,Elevated
2107,LL,LL2,2,12,160,7.724,1,30,2.919757143,Elevated
2107,LL,LL2,2,13,161,7.827,1,30,2.919757143,Elevated
2107,LL,LL2,2,14,162,7.929,1,30,2.919757143,Elevated
2265,TL,TL1,2,1,163,8.033,1,30,2.919757143,Elevated
2294,TL,TL1,2,1,164,7.71,1,30,2.919757143,Elevated
2470,TT,TT1,3,1,165,NA,1,30,2.919757143,Ambient
2470,TT,TT1,3,2,166,8.135,1,30,2.919757143,Ambient
2412,TT,TT1,3,1,167,7.286,1,30,2.919757143,Ambient
2412,TT,TT1,3,2,168,7.841,1,30,2.919757143,Ambient
2446,TT,TT1,3,1,169,6.97,1,30,2.919757143,Ambient
2446,TT,TT1,3,2,170,7.26,1,30,2.919757143,Ambient
2446,TT,TT1,3,3,171,7.567,1,30,2.919757143,Ambient
2446,TT,TT1,3,4,172,7.71,1,30,2.919757143,Ambient
2446,TT,TT1,3,5,173,7.202,1,30,2.919757143,Ambient
2446,TT,TT1,3,6,174,7.084,1,30,2.919757143,Ambient
2446,TT,TT1,3,7,175,7.243,1,30,2.919757143,Ambient
2446,TT,TT1,3,8,176,7.476,1,30,2.919757143,Ambient
2446,TT,TT1,3,9,177,NA,1,30,2.919757143,Ambient
2010,LL,LL1,3,1,178,6.955,1,30,2.919757143,Ambient
2010,LL,LL1,3,2,179,7.465,1,30,2.919757143,Ambient
2010,LL,LL1,3,3,180,8.413,1,30,2.919757143,Ambient
2010,LL,LL1,3,4,181,8.537,1,30,2.919757143,Ambient
2010,LL,LL1,3,5,182,8.194,1,30,2.919757143,Ambient
2050,LL,LL1,3,1,183,8.383,1,30,2.919757143,Ambient
2050,LL,LL1,3,2,184,7.266,1,30,2.919757143,Ambient
2014,LL,LL1,3,1,185,6.758,1,30,2.919757143,Ambient
2054,LL,LL1,3,1,186,6.869,1,30,2.919757143,Ambient
2054,LL,LL1,3,2,187,7.164,1,30,2.919757143,Ambient
2054,LL,LL1,3,3,188,7.172,1,30,2.919757143,Ambient
2054,LL,LL1,3,4,189,6.293,1,30,2.919757143,Ambient
2054,LL,LL1,3,5,190,6.782,1,30,2.919757143,Ambient
2054,LL,LL1,3,6,191,6.64,1,30,2.919757143,Ambient
2054,LL,LL1,3,7,192,7.649,1,30,2.919757143,Ambient
2054,LL,LL1,3,8,193,6.772,1,30,2.919757143,Ambient
2054,LL,LL1,3,9,194,7.091,1,30,2.919757143,Ambient
2054,LL,LL1,3,10,195,6.515,1,30,2.919757143,Ambient
2054,LL,LL1,3,11,196,7.816,1,30,2.919757143,Ambient
2054,LL,LL1,3,13,197,7.79,1,30,2.919757143,Ambient
2065,LL,LL1,3,1,198,7.337,1,30,2.919757143,Ambient
2065,LL,LL1,3,2,199,7.652,1,30,2.919757143,Ambient
2065,LL,LL1,3,3,200,8.107,1,30,2.919757143,Ambient
2065,LL,LL1,3,4,201,7.395,1,30,2.919757143,Ambient
2155,LL,LL2,3,1,202,NA,1,30,2.919757143,Ambient
2155,LL,LL2,3,2,203,8.092,1,30,2.919757143,Ambient
2155,LL,LL2,3,3,204,7.789,1,30,2.919757143,Ambient
2155,LL,LL2,3,4,205,8.725,1,30,2.919757143,Ambient
2155,LL,LL2,3,5,206,NA,1,30,2.919757143,Ambient
2155,LL,LL2,3,6,207,NA,1,30,2.919757143,Ambient
2155,LL,LL2,3,7,208,8.115,1,30,2.919757143,Ambient
2232,TL,TL1,3,1,209,NA,1,30,2.919757143,Ambient
2232,TL,TL1,3,2,210,7.853,1,30,2.919757143,Ambient
2232,TL,TL1,3,3,211,7.616,1,30,2.919757143,Ambient
2381,TL,TL2,3,1,212,NA,1,30,2.919757143,Ambient
2381,TL,TL2,3,2,213,6.395,1,30,2.919757143,Ambient
2410,TT,TT1,4,1,214,8.336,1,30,2.919757143,Ambient
2410,TT,TT1,4,2,215,8.416,1,30,2.919757143,Ambient
2410,TT,TT1,4,3,216,8.691,1,30,2.919757143,Ambient
2410,TT,TT1,4,4,217,8.535,1,30,2.919757143,Ambient
2410,TT,TT1,4,5,218,8.511,1,30,2.919757143,Ambient
2410,TT,TT1,4,6,219,8.617,1,30,2.919757143,Ambient
2410,TT,TT1,4,7,220,8.561,1,30,2.919757143,Ambient
2410,TT,TT1,4,8,221,8.728,1,30,2.919757143,Ambient
2410,TT,TT1,4,9,222,8.502,1,30,2.919757143,Ambient
2410,TT,TT1,4,10,223,8.571,1,30,2.919757143,Ambient
2410,TT,TT1,4,11,224,8.538,1,30,2.919757143,Ambient
2410,TT,TT1,4,12,225,NA,1,30,2.919757143,Ambient
2410,TT,TT1,4,13,226,8.146,1,30,2.919757143,Ambient
2410,TT,TT1,4,14,227,9.008,1,30,2.919757143,Ambient
2410,TT,TT1,4,15,228,8.849,1,30,2.919757143,Ambient
2410,TT,TT1,4,16,229,8.768,1,30,2.919757143,Ambient
2410,TT,TT1,4,17,230,7.678,1,30,2.919757143,Ambient
2410,TT,TT1,4,18,231,8.677,1,30,2.919757143,Ambient
2410,TT,TT1,4,19,232,NA,1,30,2.919757143,Ambient
2410,TT,TT1,4,20,233,8.491,1,30,2.919757143,Ambient
2410,TT,TT1,4,21,234,NA,1,30,2.919757143,Ambient
2410,TT,TT1,4,22,235,NA,1,30,2.919757143,Ambient
2410,TT,TT1,4,23,236,NA,1,30,2.919757143,Ambient
2410,TT,TT1,4,24,237,8.278,1,30,2.919757143,Ambient
2410,TT,TT1,4,25,238,NA,1,30,2.919757143,Ambient
2459,TT,TT1,4,1,239,NA,1,30,2.919757143,Ambient
2459,TT,TT1,4,1,240,7.33,1,30,2.919757143,Ambient
2459,TT,TT1,4,2,241,NA,1,30,2.919757143,Ambient
2459,TT,TT1,4,3,242,NA,1,30,2.919757143,Ambient
2520,TT,TT2,4,1,243,7.793,1,30,2.919757143,Ambient
2036,LL,LL1,4,1,244,NA,1,30,2.919757143,Ambient
2036,LL,LL1,4,2,245,8.221,1,30,2.919757143,Ambient
2036,LL,LL1,4,3,246,8.24,1,30,2.919757143,Ambient
2036,LL,LL1,4,1,247,7.793,1,30,2.919757143,Ambient
2036,LL,LL1,4,2,248,7.513,1,30,2.919757143,Ambient
2036,LL,LL1,4,3,249,7.907,1,30,2.919757143,Ambient
2036,LL,LL1,4,4,250,8.312,1,30,2.919757143,Ambient
2036,LL,LL1,4,5,251,NA,1,30,2.919757143,Ambient
2036,LL,LL1,4,6,252,NA,1,30,2.919757143,Ambient
2036,LL,LL1,4,7,253,7.943,1,30,2.919757143,Ambient
2036,LL,LL1,4,8,254,8.167,1,30,2.919757143,Ambient
2036,LL,LL1,4,9,255,6.983,1,30,2.919757143,Ambient
2036,LL,LL1,4,10,256,7.664,1,30,2.919757143,Ambient
2036,LL,LL1,4,11,257,7.875,1,30,2.919757143,Ambient
2036,LL,LL1,4,12,258,7.977,1,30,2.919757143,Ambient
2036,LL,LL1,4,13,259,8.367,1,30,2.919757143,Ambient
2017,LL,LL1,4,1,260,6.992,1,30,2.919757143,Ambient
2017,LL,LL1,4,2,261,6.953,1,30,2.919757143,Ambient
2017,LL,LL1,4,3,262,7.437,1,30,2.919757143,Ambient
2017,LL,LL1,4,4,263,7.066,1,30,2.919757143,Ambient
2017,LL,LL1,4,5,264,7.295,1,30,2.919757143,Ambient
2009,LL,LL1,4,1,265,NA,1,30,2.919757143,Ambient
2009,LL,LL1,4,2,266,8.062,1,30,2.919757143,Ambient
2009,LL,LL1,4,3,267,7.231,1,30,2.919757143,Ambient
2015,LL,LL1,4,1,268,8.187,1,30,2.919757143,Ambient
2015,LL,LL1,4,2,269,8.381,1,30,2.919757143,Ambient
2015,LL,LL1,4,3,270,7.75,1,30,2.919757143,Ambient
2069,LL,LL1,4,1,271,7.782,1,30,2.919757143,Ambient
2069,LL,LL1,4,2,272,7.702,1,30,2.919757143,Ambient
2069,LL,LL1,4,3,273,8.425,1,30,2.919757143,Ambient
2069,LL,LL1,4,4,274,8.787,1,30,2.919757143,Ambient
2069,LL,LL1,4,5,275,8.471,1,30,2.919757143,Ambient
2069,LL,LL1,4,6,276,8.09,1,30,2.919757143,Ambient
2069,LL,LL1,4,7,277,8.081,1,30,2.919757143,Ambient
2069,LL,LL1,4,8,278,8.685,1,30,2.919757143,Ambient
2117,LL,LL2,4,1,279,8.06,1,30,2.919757143,Ambient
2117,LL,LL2,4,2,280,8.02,1,30,2.919757143,Ambient
2117,LL,LL2,4,3,281,8.07,1,30,2.919757143,Ambient
2117,LL,LL2,4,4,282,7.29,1,30,2.919757143,Ambient
2117,LL,LL2,4,5,283,7.592,1,30,2.919757143,Ambient
2117,LL,LL2,4,6,284,7.171,1,30,2.919757143,Ambient
2117,LL,LL2,4,7,285,6.976,1,30,2.919757143,Ambient
2117,LL,LL2,4,8,286,6.659,1,30,2.919757143,Ambient
2117,LL,LL2,4,9,287,7.029,1,30,2.919757143,Ambient
2117,LL,LL2,4,10,288,6.901,1,30,2.919757143,Ambient
2117,LL,LL2,4,11,289,7.343,1,30,2.919757143,Ambient
2117,LL,LL2,4,12,290,7.591,1,30,2.919757143,Ambient
2117,LL,LL2,4,13,291,7.315,1,30,2.919757143,Ambient
2117,LL,LL2,4,14,292,NA,1,30,2.919757143,Ambient
2117,LL,LL2,4,15,293,NA,1,30,2.919757143,Ambient
2117,LL,LL2,4,16,294,7.516,1,30,2.919757143,Ambient
2117,LL,LL2,4,17,295,7.979,1,30,2.919757143,Ambient
2117,LL,LL2,4,18,296,7.388,1,30,2.919757143,Ambient
2117,LL,LL2,4,19,297,8.488,1,30,2.919757143,Ambient
2117,LL,LL2,4,21,298,7.791,1,30,2.919757143,Ambient
2117,LL,LL2,4,22,299,7.47,1,30,2.919757143,Ambient
2117,LL,LL2,4,25,300,7.973,1,30,2.919757143,Ambient
2117,LL,LL2,4,26,301,8.086,1,30,2.919757143,Ambient
2117,LL,LL2,4,27,302,7.713,1,30,2.919757143,Ambient
2117,LL,LL2,4,28,303,8.046,1,30,2.919757143,Ambient
2117,LL,LL2,4,29,304,8.009,1,30,2.919757143,Ambient
2117,LL,LL2,4,30,305,7.949,1,30,2.919757143,Ambient
2117,LL,LL2,4,31,306,8.129,1,30,2.919757143,Ambient
2117,LL,LL2,4,33,307,8.02,1,30,2.919757143,Ambient
2117,LL,LL2,4,34,308,7.792,1,30,2.919757143,Ambient
2117,LL,LL2,4,35,309,NA,1,30,2.919757143,Ambient
2398,TL,TL2,4,1,310,NA,1,30,2.919757143,Ambient
2420,TT,TT1,5,1,311,8.602,1,30,2.919757143,Elevated
2420,TT,TT1,5,2,312,8.945,1,30,2.919757143,Elevated
2420,TT,TT1,5,3,313,8.547,1,30,2.919757143,Elevated
2420,TT,TT1,5,4,314,8.906,1,30,2.919757143,Elevated
2420,TT,TT1,5,5,315,8.914,1,30,2.919757143,Elevated
2420,TT,TT1,5,6,316,8.531,1,30,2.919757143,Elevated
2420,TT,TT1,5,7,317,8.861,1,30,2.919757143,Elevated
2420,TT,TT1,5,8,318,8.202,1,30,2.919757143,Elevated
2420,TT,TT1,5,9,319,8.331,1,30,2.919757143,Elevated
2420,TT,TT1,5,10,320,9.013,1,30,2.919757143,Elevated
2420,TT,TT1,5,11,321,8.78,1,30,2.919757143,Elevated
2420,TT,TT1,5,12,322,NA,1,30,2.919757143,Elevated
2420,TT,TT1,5,13,323,NA,1,30,2.919757143,Elevated
2405,TT,TT1,5,1,324,9.077,1,30,2.919757143,Elevated
2405,TT,TT1,5,2,325,8.904,1,30,2.919757143,Elevated
2405,TT,TT1,5,3,326,NA,1,30,2.919757143,Elevated
2405,TT,TT1,5,4,327,7.069,1,30,2.919757143,Elevated
2405,TT,TT1,5,5,328,NA,1,30,2.919757143,Elevated
2405,TT,TT1,5,6,329,6.378,1,30,2.919757143,Elevated
2507,TT,TT2,5,1,330,8.925,1,30,2.919757143,Elevated
2507,TT,TT2,5,2,331,NA,1,30,2.919757143,Elevated
2507,TT,TT2,5,3,332,8.132,1,30,2.919757143,Elevated
2580,TT,TT2,5,1,333,NA,1,30,2.919757143,Elevated
2580,TT,TT2,5,2,334,NA,1,30,2.919757143,Elevated
2091,LL,LL1,5,1,335,NA,1,30,2.919757143,Elevated
2091,LL,LL1,5,2,336,8.93,1,30,2.919757143,Elevated
2091,LL,LL1,5,3,337,7.806,1,30,2.919757143,Elevated
2011,LL,LL1,5,1,338,7.622,1,30,2.919757143,Elevated
2011,LL,LL1,5,4,339,NA,1,30,2.919757143,Elevated
2011,LL,LL1,5,5,340,NA,1,30,2.919757143,Elevated
2011,LL,LL1,5,6,341,8.579,1,30,2.919757143,Elevated
2012,LL,LL1,5,1,342,8.777,1,30,2.919757143,Elevated
2012,LL,LL1,5,2,343,NA,1,30,2.919757143,Elevated
2012,LL,LL1,5,3,344,8.178,1,30,2.919757143,Elevated
2012,LL,LL1,5,4,345,NA,1,30,2.919757143,Elevated
2012,LL,LL1,5,5,346,8.699,1,30,2.919757143,Elevated
2012,LL,LL1,5,6,347,7.819,1,30,2.919757143,Elevated
2070,LL,LL1,5,1,348,7.712,1,30,2.919757143,Elevated
2070,LL,LL1,5,2,349,8.411,1,30,2.919757143,Elevated
2070,LL,LL1,5,3,350,7.996,1,30,2.919757143,Elevated
2070,LL,LL1,5,4,351,7.8,1,30,2.919757143,Elevated
2070,LL,LL1,5,5,352,8.019,1,30,2.919757143,Elevated
2070,LL,LL1,5,6,353,7.949,1,30,2.919757143,Elevated
2070,LL,LL1,5,7,354,7.806,1,30,2.919757143,Elevated
2070,LL,LL1,5,8,355,7.378,1,30,2.919757143,Elevated
2070,LL,LL1,5,9,356,8.15,1,30,2.919757143,Elevated
2070,LL,LL1,5,10,357,7.678,1,30,2.919757143,Elevated
2070,LL,LL1,5,11,358,7.496,1,30,2.919757143,Elevated
2070,LL,LL1,5,12,359,7.475,1,30,2.919757143,Elevated
2070,LL,LL1,5,13,360,8.229,1,30,2.919757143,Elevated
2070,LL,LL1,5,14,361,8.24,1,30,2.919757143,Elevated
2070,LL,LL1,5,15,362,8.96,1,30,2.919757143,Elevated
2040,LL,LL1,5,1,363,8.144,1,30,2.919757143,Elevated
2040,LL,LL1,5,2,364,8.131,1,30,2.919757143,Elevated
2040,LL,LL1,5,3,365,7.66,1,30,2.919757143,Elevated
2040,LL,LL1,5,4,366,NA,1,30,2.919757143,Elevated
2040,LL,LL1,5,5,367,9.304,1,30,2.919757143,Elevated
2040,LL,LL1,5,6,368,NA,1,30,2.919757143,Elevated
2040,LL,LL1,5,7,369,7.281,1,30,2.919757143,Elevated
2175,LL,LL2,5,1,370,7.993,1,30,2.919757143,Elevated
2175,LL,LL2,5,2,371,7.644,1,30,2.919757143,Elevated
2200,LL,LL2,5,1,372,7.959,1,30,2.919757143,Elevated
2200,LL,LL2,5,2,373,8.296,1,30,2.919757143,Elevated
2200,LL,LL2,5,3,374,8.516,1,30,2.919757143,Elevated
2200,LL,LL2,5,4,375,7.662,1,30,2.919757143,Elevated
2201,TL,TL1,5,1,376,8.619,1,30,2.919757143,Elevated
2419,TT,TT1,6,1,377,8.122,1,30,2.919757143,Elevated
2429,TT,TT1,6,1,378,8.589,1,30,2.919757143,Elevated
2429,TT,TT1,6,2,379,7.952,1,30,2.919757143,Elevated
2429,TT,TT1,6,3,380,8.234,1,30,2.919757143,Elevated
2429,TT,TT1,6,4,381,7.799,1,30,2.919757143,Elevated
2429,TT,TT1,6,5,382,9.025,1,30,2.919757143,Elevated
2429,TT,TT1,6,6,383,8.133,1,30,2.919757143,Elevated
2429,TT,TT1,6,7,384,NA,1,30,2.919757143,Elevated
2429,TT,TT1,6,8,385,8.629,1,30,2.919757143,Elevated
2429,TT,TT1,6,9,386,NA,1,30,2.919757143,Elevated
2429,TT,TT1,6,10,387,8.127,1,30,2.919757143,Elevated
2429,TT,TT1,6,11,388,9.163,1,30,2.919757143,Elevated
2429,TT,TT1,6,12,389,8.054,1,30,2.919757143,Elevated
2429,TT,TT1,6,13,390,NA,1,30,2.919757143,Elevated
2429,TT,TT1,6,14,391,7.681,1,30,2.919757143,Elevated
2429,TT,TT1,6,15,392,8.425,1,30,2.919757143,Elevated
2429,TT,TT1,6,16,393,8.192,1,30,2.919757143,Elevated
2429,TT,TT1,6,17,394,6.631,1,30,2.919757143,Elevated
2417,TT,TT1,6,1,395,NA,1,30,2.919757143,Elevated
2417,TT,TT1,6,2,396,8.692,1,30,2.919757143,Elevated
2417,TT,TT1,6,3,397,NA,1,30,2.919757143,Elevated
2417,TT,TT1,6,4,398,9.221,1,30,2.919757143,Elevated
2505,TT,TT2,6,1,399,8.391,1,30,2.919757143,Elevated
2521,TT,TT2,6,1,400,8.287,1,30,2.919757143,Elevated
2521,TT,TT2,6,2,401,8.171,1,30,2.919757143,Elevated
2521,TT,TT2,6,3,402,8.404,1,30,2.919757143,Elevated
2521,TT,TT2,6,4,403,8.637,1,30,2.919757143,Elevated
2066,LL,LL1,6,1,404,7.804,1,30,2.919757143,Elevated
2066,LL,LL1,6,2,405,7.425,1,30,2.919757143,Elevated
2066,LL,LL1,6,3,406,7.778,1,30,2.919757143,Elevated
2066,LL,LL1,6,4,407,7.969,1,30,2.919757143,Elevated
2066,LL,LL1,6,5,408,NA,1,30,2.919757143,Elevated
2033,LL,LL1,6,1,409,7.51,1,30,2.919757143,Elevated
2033,LL,LL1,6,2,410,8.305,1,30,2.919757143,Elevated
2033,LL,LL1,6,3,411,NA,1,30,2.919757143,Elevated
2033,LL,LL1,6,4,412,NA,1,30,2.919757143,Elevated
2033,LL,LL1,6,5,413,7.837,1,30,2.919757143,Elevated
2033,LL,LL1,6,6,414,8.402,1,30,2.919757143,Elevated
2033,LL,LL1,6,7,415,8,1,30,2.919757143,Elevated
2033,LL,LL1,6,8,416,7.404,1,30,2.919757143,Elevated
2033,LL,LL1,6,9,417,7.184,1,30,2.919757143,Elevated
2051,LL,LL1,6,1,418,8.027,1,30,2.919757143,Elevated
2051,LL,LL1,6,2,419,7.867,1,30,2.919757143,Elevated
2051,LL,LL1,6,3,420,8.365,1,30,2.919757143,Elevated
2051,LL,LL1,6,4,421,8.774,1,30,2.919757143,Elevated
2051,LL,LL1,6,5,422,8.742,1,30,2.919757143,Elevated
2051,LL,LL1,6,6,423,NA,1,30,2.919757143,Elevated
2051,LL,LL1,6,7,424,8.502,1,30,2.919757143,Elevated
2051,LL,LL1,6,8,425,8.645,1,30,2.919757143,Elevated
2051,LL,LL1,6,9,426,8.423,1,30,2.919757143,Elevated
2051,LL,LL1,6,10,427,8.533,1,30,2.919757143,Elevated
2051,LL,LL1,6,11,428,NA,1,30,2.919757143,Elevated
2051,LL,LL1,6,12,429,8.408,1,30,2.919757143,Elevated
2044,LL,LL1,6,1,430,7.808,1,30,2.919757143,Elevated
2044,LL,LL1,6,2,431,8.205,1,30,2.919757143,Elevated
2109,LL,LL2,6,1,432,8.234,1,30,2.919757143,Elevated
2109,LL,LL2,6,2,433,8.901,1,30,2.919757143,Elevated
2169,LL,LL2,6,1,434,NA,1,30,2.919757143,Elevated
2169,LL,LL2,6,2,435,NA,1,30,2.919757143,Elevated
2179,LL,LL2,6,1,436,8.025,1,30,2.919757143,Elevated
2179,LL,LL2,6,2,437,8.617,1,30,2.919757143,Elevated
2179,LL,LL2,6,3,438,8.427,1,30,2.919757143,Elevated
2179,LL,LL2,6,4,439,8.411,1,30,2.919757143,Elevated
2179,LL,LL2,6,5,440,8.565,1,30,2.919757143,Elevated
2179,LL,LL2,6,6,441,8.083,1,30,2.919757143,Elevated
2133,LL,LL2,6,1,442,7.351,1,30,2.919757143,Elevated
2204,TL,TL1,6,1,443,7.857,1,30,2.919757143,Elevated
2330,TL,TL2,6,1,444,NA,1,30,2.919757143,Elevated
2413,TT,TT1,7,1,445,8.174,1,30,2.919757143,Ambient
2413,TT,TT1,7,2,446,9.099,1,30,2.919757143,Ambient
2413,TT,TT1,7,3,447,8.999,1,30,2.919757143,Ambient
2413,TT,TT1,7,4,448,8.588,1,30,2.919757143,Ambient
2413,TT,TT1,7,5,449,8.706,1,30,2.919757143,Ambient
2413,TT,TT1,7,6,450,NA,1,30,2.919757143,Ambient
2413,TT,TT1,7,7,451,8.836,1,30,2.919757143,Ambient
2413,TT,TT1,7,8,452,NA,1,30,2.919757143,Ambient
2413,TT,TT1,7,9,453,NA,1,30,2.919757143,Ambient
2455,TT,TT1,7,1,454,8.697,1,30,2.919757143,Ambient
2455,TT,TT1,7,2,455,8.498,1,30,2.919757143,Ambient
2455,TT,TT1,7,3,456,NA,1,30,2.919757143,Ambient
2455,TT,TT1,7,4,457,NA,1,30,2.919757143,Ambient
2455,TT,TT1,7,5,458,8.038,1,30,2.919757143,Ambient
2455,TT,TT1,7,6,459,8.231,1,30,2.919757143,Ambient
2450,TT,TT1,7,1,460,NA,1,30,2.919757143,Ambient
2450,TT,TT1,7,2,461,NA,1,30,2.919757143,Ambient
2450,TT,TT1,7,3,462,NA,1,30,2.919757143,Ambient
2450,TT,TT1,7,4,463,8.42,1,30,2.919757143,Ambient
2450,TT,TT1,7,5,464,NA,1,30,2.919757143,Ambient
2450,TT,TT1,7,6,465,NA,1,30,2.919757143,Ambient
2450,TT,TT1,7,7,466,NA,1,30,2.919757143,Ambient
2450,TT,TT1,7,8,467,NA,1,30,2.919757143,Ambient
2450,TT,TT1,7,9,468,7.032,1,30,2.919757143,Ambient
2450,TT,TT1,7,10,469,8.732,1,30,2.919757143,Ambient
2450,TT,TT1,7,11,470,8.234,1,30,2.919757143,Ambient
2569,TT,TT2,7,1,471,8.162,1,30,2.919757143,Ambient
2569,TT,TT2,7,2,472,8.878,1,30,2.919757143,Ambient
2013,LL,LL1,7,1,473,7.119,1,30,2.919757143,Ambient
2013,LL,LL1,7,2,474,8.651,1,30,2.919757143,Ambient
2013,LL,LL1,7,3,475,8.134,1,30,2.919757143,Ambient
2013,LL,LL1,7,4,476,9.135,1,30,2.919757143,Ambient
2013,LL,LL1,7,5,477,8.361,1,30,2.919757143,Ambient
2013,LL,LL1,7,6,478,8.414,1,30,2.919757143,Ambient
2013,LL,LL1,7,7,479,8.508,1,30,2.919757143,Ambient
2013,LL,LL1,7,8,480,8.518,1,30,2.919757143,Ambient
2013,LL,LL1,7,9,481,7.75,1,30,2.919757143,Ambient
2013,LL,LL1,7,10,482,8.727,1,30,2.919757143,Ambient
2031,LL,LL1,7,1,483,8.532,1,30,2.919757143,Ambient
2187,LL,LL2,7,1,484,NA,1,30,2.919757143,Ambient
2170,LL,LL2,7,1,485,7.991,1,30,2.919757143,Ambient
2170,LL,LL2,7,2,486,7.868,1,30,2.919757143,Ambient
2170,LL,LL2,7,3,487,7.367,1,30,2.919757143,Ambient
2170,LL,LL2,7,4,488,NA,1,30,2.919757143,Ambient
2170,LL,LL2,7,5,489,8.087,1,30,2.919757143,Ambient
2170,LL,LL2,7,6,490,8.723,1,30,2.919757143,Ambient
2170,LL,LL2,7,7,491,8.814,1,30,2.919757143,Ambient
2170,LL,LL2,7,8,492,8.137,1,30,2.919757143,Ambient
2170,LL,LL2,7,9,493,7.936,1,30,2.919757143,Ambient
2185,LL,LL2,7,1,494,7.843,1,30,2.919757143,Ambient
2426,TT,TT1,8,1,495,NA,1,30,2.919757143,Ambient
2426,TT,TT1,8,2,496,7.77,1,30,2.919757143,Ambient
2426,TT,TT1,8,3,497,NA,1,30,2.919757143,Ambient
2426,TT,TT1,8,4,498,8.869,1,30,2.919757143,Ambient
2426,TT,TT1,8,5,499,NA,1,30,2.919757143,Ambient
2426,TT,TT1,8,6,500,7.03,1,30,2.919757143,Ambient
2426,TT,TT1,8,7,501,NA,1,30,2.919757143,Ambient
2426,TT,TT1,8,8,502,8.454,1,30,2.919757143,Ambient
2426,TT,TT1,8,9,503,NA,1,30,2.919757143,Ambient
2426,TT,TT1,8,10,504,NA,1,30,2.919757143,Ambient
2426,TT,TT1,8,11,505,NA,1,30,2.919757143,Ambient
2426,TT,TT1,8,12,506,8.919,1,30,2.919757143,Ambient
2426,TT,TT1,8,13,507,8.94,1,30,2.919757143,Ambient
2426,TT,TT1,8,14,508,8.86,1,30,2.919757143,Ambient
2426,TT,TT1,8,15,509,NA,1,30,2.919757143,Ambient
2591,TT,TT2,8,1,510,7.61,1,30,2.919757143,Ambient
2591,TT,TT2,8,2,511,6.983,1,30,2.919757143,Ambient
2591,TT,TT2,8,3,512,NA,1,30,2.919757143,Ambient
2502,TT,TT2,8,1,513,8.413,1,30,2.919757143,Ambient
2086,LL,LL1,8,1,514,9.127,1,30,2.919757143,Ambient
2086,LL,LL1,8,2,515,8.491,1,30,2.919757143,Ambient
2002,LL,LL1,8,1,516,8.24,1,30,2.919757143,Ambient
2002,LL,LL1,8,3,517,7.999,1,30,2.919757143,Ambient
2002,LL,LL1,8,4,518,7.82,1,30,2.919757143,Ambient
2002,LL,LL1,8,5,519,8.544,1,30,2.919757143,Ambient
2002,LL,LL1,8,6,520,8.719,1,30,2.919757143,Ambient
2002,LL,LL1,8,7,521,8.681,1,30,2.919757143,Ambient
2002,LL,LL1,8,8,522,8.084,1,30,2.919757143,Ambient
2002,LL,LL1,8,9,523,8.833,1,30,2.919757143,Ambient
2002,LL,LL1,8,10,524,7.437,1,30,2.919757143,Ambient
2002,LL,LL1,8,11,525,7.864,1,30,2.919757143,Ambient
2002,LL,LL1,8,12,526,8.506,1,30,2.919757143,Ambient
2003,LL,LL1,8,1,527,8.436,1,30,2.919757143,Ambient
2063,LL,LL1,8,1,528,8.505,1,30,2.919757143,Ambient
2063,LL,LL1,8,2,529,8.167,1,30,2.919757143,Ambient
2063,LL,LL1,8,3,530,7.818,1,30,2.919757143,Ambient
2063,LL,LL1,8,4,531,8.092,1,30,2.919757143,Ambient
2063,LL,LL1,8,5,532,7.896,1,30,2.919757143,Ambient
2063,LL,LL1,8,6,533,7.812,1,30,2.919757143,Ambient
2059,LL,LL1,8,1,534,8.197,1,30,2.919757143,Ambient
2059,LL,LL1,8,2,535,8.637,1,30,2.919757143,Ambient
2059,LL,LL1,8,3,536,7.247,1,30,2.919757143,Ambient
2059,LL,LL1,8,4,537,8.428,1,30,2.919757143,Ambient
2028,LL,LL1,8,1,538,8.371,1,30,2.919757143,Ambient
2067,LL,LL1,8,1,539,8.406,1,30,2.919757143,Ambient
2067,LL,LL1,8,2,540,8.86,1,30,2.919757143,Ambient
2067,LL,LL1,8,3,541,8.548,1,30,2.919757143,Ambient
2143,LL,LL2,8,1,542,7.843,1,30,2.919757143,Ambient
2134,LL,LL2,8,1,543,7.896,1,30,2.919757143,Ambient
2134,LL,LL2,8,2,544,7.479,1,30,2.919757143,Ambient
2134,LL,LL2,8,3,545,8.448,1,30,2.919757143,Ambient
2134,LL,LL2,8,4,546,NA,1,30,2.919757143,Ambient
2134,LL,LL2,8,5,547,8.491,1,30,2.919757143,Ambient
2134,LL,LL2,8,6,548,8.558,1,30,2.919757143,Ambient
2134,LL,LL2,8,7,549,8.084,1,30,2.919757143,Ambient
2134,LL,LL2,8,8,550,8.853,1,30,2.919757143,Ambient
2134,LL,LL2,8,9,551,8.293,1,30,2.919757143,Ambient
2134,LL,LL2,8,10,552,NA,1,30,2.919757143,Ambient
2134,LL,LL2,8,11,553,8.847,1,30,2.919757143,Ambient
2198,LL,LL2,8,1,554,8.225,1,30,2.919757143,Ambient
2127,LL,LL2,8,1,555,8.412,1,30,2.919757143,Ambient
2127,LL,LL2,8,2,556,8.124,1,30,2.919757143,Ambient
2136,LL,LL2,8,1,557,NA,1,30,2.919757143,Ambient
2238,TL,TL1,8,1,558,8.206,1,30,2.919757143,Ambient
2238,TL,TL1,8,2,559,8.434,1,30,2.919757143,Ambient
2238,TL,TL1,8,3,560,8.558,1,30,2.919757143,Ambient
2310,TL,TL2,8,1,561,8.443,1,30,2.919757143,Ambient
2466,TT,TT1,1,1,1,NA,2,65,12.35825714,Elevated
2452,TT,TT1,1,1,2,6.702,2,65,12.35825714,Elevated
2452,TT,TT1,1,2,3,NA,2,65,12.35825714,Elevated
2452,TT,TT1,1,3,4,7.443,2,65,12.35825714,Elevated
2452,TT,TT1,1,4,5,NA,2,65,12.35825714,Elevated
2452,TT,TT1,1,5,6,NA,2,65,12.35825714,Elevated
2452,TT,TT1,1,6,7,8.111,2,65,12.35825714,Elevated
2452,TT,TT1,1,7,8,7.974,2,65,12.35825714,Elevated
2452,TT,TT1,1,8,9,NA,2,65,12.35825714,Elevated
2452,TT,TT1,1,9,10,6.717,2,65,12.35825714,Elevated
2452,TT,TT1,1,10,11,NA,2,65,12.35825714,Elevated
2452,TT,TT1,1,11,12,6.867,2,65,12.35825714,Elevated
2452,TT,TT1,1,12,13,NA,2,65,12.35825714,Elevated
2452,TT,TT1,1,13,14,6.27,2,65,12.35825714,Elevated
2452,TT,TT1,1,14,15,6.508,2,65,12.35825714,Elevated
2452,TT,TT1,1,15,16,7.43,2,65,12.35825714,Elevated
2452,TT,TT1,1,16,17,7.4,2,65,12.35825714,Elevated
2452,TT,TT1,1,17,18,7.551,2,65,12.35825714,Elevated
2452,TT,TT1,1,18,19,NA,2,65,12.35825714,Elevated
2452,TT,TT1,1,19,20,NA,2,65,12.35825714,Elevated
2452,TT,TT1,1,20,21,8.35,2,65,12.35825714,Elevated
2452,TT,TT1,1,21,22,NA,2,65,12.35825714,Elevated
2408,TT,TT1,1,1,23,7.596,2,65,12.35825714,Elevated
2408,TT,TT1,1,2,24,7.287,2,65,12.35825714,Elevated
2408,TT,TT1,1,3,25,NA,2,65,12.35825714,Elevated
2408,TT,TT1,1,4,26,7.151,2,65,12.35825714,Elevated
2408,TT,TT1,1,5,27,7.322,2,65,12.35825714,Elevated
2408,TT,TT1,1,6,28,6.888,2,65,12.35825714,Elevated
2408,TT,TT1,1,7,29,7.241,2,65,12.35825714,Elevated
2586,TT,TT2,1,1,30,7.617,2,65,12.35825714,Elevated
2586,TT,TT2,1,2,31,7.668,2,65,12.35825714,Elevated
2586,TT,TT2,1,3,32,7.291,2,65,12.35825714,Elevated
2586,TT,TT2,1,4,33,8.207,2,65,12.35825714,Elevated
2058,LL,LL1,1,1,34,7.392,2,65,12.35825714,Elevated
2058,LL,LL1,1,3,35,7.811,2,65,12.35825714,Elevated
2058,LL,LL1,1,4,36,8.05,2,65,12.35825714,Elevated
2058,LL,LL1,1,5,37,7.774,2,65,12.35825714,Elevated
2058,LL,LL1,1,6,38,NA,2,65,12.35825714,Elevated
2058,LL,LL1,1,7,39,NA,2,65,12.35825714,Elevated
2058,LL,LL1,1,8,40,NA,2,65,12.35825714,Elevated
2058,LL,LL1,1,9,41,8.228,2,65,12.35825714,Elevated
2058,LL,LL1,1,10,42,7.681,2,65,12.35825714,Elevated
2058,LL,LL1,1,13,43,6.892,2,65,12.35825714,Elevated
2058,LL,LL1,1,14,44,7.952,2,65,12.35825714,Elevated
2058,LL,LL1,1,15,45,8.499,2,65,12.35825714,Elevated
2058,LL,LL1,1,17,46,8.759,2,65,12.35825714,Elevated
2049,LL,LL1,1,1,47,7.394,2,65,12.35825714,Elevated
2049,LL,LL1,1,2,48,6.122,2,65,12.35825714,Elevated
2049,LL,LL1,1,3,49,NA,2,65,12.35825714,Elevated
2049,LL,LL1,1,4,50,7.702,2,65,12.35825714,Elevated
2049,LL,LL1,1,5,51,NA,2,65,12.35825714,Elevated
2049,LL,LL1,1,6,52,7.857,2,65,12.35825714,Elevated
2049,LL,LL1,1,7,53,7.281,2,65,12.35825714,Elevated
2049,LL,LL1,1,8,54,7.307,2,65,12.35825714,Elevated
2049,LL,LL1,1,9,55,NA,2,65,12.35825714,Elevated
2049,LL,LL1,1,10,56,6.774,2,65,12.35825714,Elevated
2049,LL,LL1,1,11,57,7.806,2,65,12.35825714,Elevated
2102,LL,LL2,1,1,58,NA,2,65,12.35825714,Elevated
2102,LL,LL2,1,2,59,5.409,2,65,12.35825714,Elevated
2102,LL,LL2,1,3,60,7.137,2,65,12.35825714,Elevated
2102,LL,LL2,1,6,61,7.111,2,65,12.35825714,Elevated
2102,LL,LL2,1,8,62,7.184,2,65,12.35825714,Elevated
2102,LL,LL2,1,10,63,NA,2,65,12.35825714,Elevated
2102,LL,LL2,1,11,64,6.026,2,65,12.35825714,Elevated
2102,LL,LL2,1,12,65,6.04,2,65,12.35825714,Elevated
2102,LL,LL2,1,14,66,7.401,2,65,12.35825714,Elevated
2102,LL,LL2,1,16,67,NA,2,65,12.35825714,Elevated
2102,LL,LL2,1,17,68,6.925,2,65,12.35825714,Elevated
2102,LL,LL2,1,18,69,8.234,2,65,12.35825714,Elevated
2102,LL,LL2,1,19,70,7.123,2,65,12.35825714,Elevated
2102,LL,LL2,1,21,71,7.732,2,65,12.35825714,Elevated
2102,LL,LL2,1,22,72,7.19,2,65,12.35825714,Elevated
2104,LL,LL2,1,1,73,6.625,2,65,12.35825714,Elevated
2189,LL,LL2,1,1,74,6.969,2,65,12.35825714,Elevated
2189,LL,LL2,1,3,75,7.817,2,65,12.35825714,Elevated
2257,TL,TL1,1,1,76,8.982,2,65,12.35825714,Elevated
2377,TL,TL2,1,1,77,7.926,2,65,12.35825714,Elevated
2411,TT,TT1,2,1,78,7.481,2,65,12.35825714,Elevated
2411,TT,TT1,2,2,79,NA,2,65,12.35825714,Elevated
2411,TT,TT1,2,3,80,7.231,2,65,12.35825714,Elevated
2411,TT,TT1,2,4,81,7.809,2,65,12.35825714,Elevated
2411,TT,TT1,2,6,82,NA,2,65,12.35825714,Elevated
2425,TT,TT1,2,1,83,NA,2,65,12.35825714,Elevated
2425,TT,TT1,2,2,84,7.54,2,65,12.35825714,Elevated
2425,TT,TT1,2,3,85,NA,2,65,12.35825714,Elevated
2425,TT,TT1,2,4,86,7.876,2,65,12.35825714,Elevated
2425,TT,TT1,2,5,87,6.663,2,65,12.35825714,Elevated
2425,TT,TT1,2,6,88,5.88,2,65,12.35825714,Elevated
2425,TT,TT1,2,7,89,3.477,2,65,12.35825714,Elevated
2425,TT,TT1,2,8,90,NA,2,65,12.35825714,Elevated
2482,TT,TT1,2,1,91,NA,2,65,12.35825714,Elevated
2482,TT,TT1,2,2,92,NA,2,65,12.35825714,Elevated
2482,TT,TT1,2,3,93,NA,2,65,12.35825714,Elevated
2482,TT,TT1,2,4,94,NA,2,65,12.35825714,Elevated
2482,TT,TT1,2,5,95,NA,2,65,12.35825714,Elevated
2482,TT,TT1,2,6,96,7.412,2,65,12.35825714,Elevated
2482,TT,TT1,2,7,97,NA,2,65,12.35825714,Elevated
2482,TT,TT1,2,9,98,NA,2,65,12.35825714,Elevated
2508,TT,TT2,2,1,99,NA,2,65,12.35825714,Elevated
2057,LL,LL1,2,3,100,NA,2,65,12.35825714,Elevated
2057,LL,LL1,2,4,101,7.735,2,65,12.35825714,Elevated
2057,LL,LL1,2,6,102,7.821,2,65,12.35825714,Elevated
2057,LL,LL1,2,7,103,6.804,2,65,12.35825714,Elevated
2057,LL,LL1,2,8,104,7.438,2,65,12.35825714,Elevated
2057,LL,LL1,2,9,105,8.045,2,65,12.35825714,Elevated
2057,LL,LL1,2,10,106,7.874,2,65,12.35825714,Elevated
2057,LL,LL1,2,11,107,7.449,2,65,12.35825714,Elevated
2057,LL,LL1,2,13,108,7.434,2,65,12.35825714,Elevated
2057,LL,LL1,2,14,109,NA,2,65,12.35825714,Elevated
2057,LL,LL1,2,15,110,6.557,2,65,12.35825714,Elevated
2057,LL,LL1,2,16,111,6.844,2,65,12.35825714,Elevated
2057,LL,LL1,2,17,112,7.633,2,65,12.35825714,Elevated
2057,LL,LL1,2,18,113,7.835,2,65,12.35825714,Elevated
2057,LL,LL1,2,19,114,7.329,2,65,12.35825714,Elevated
2057,LL,LL1,2,20,115,8.225,2,65,12.35825714,Elevated
2057,LL,LL1,2,21,116,7.969,2,65,12.35825714,Elevated
2057,LL,LL1,2,22,117,6.668,2,65,12.35825714,Elevated
2057,LL,LL1,2,23,118,7.814,2,65,12.35825714,Elevated
2057,LL,LL1,2,24,119,7.137,2,65,12.35825714,Elevated
2057,LL,LL1,2,25,120,7.534,2,65,12.35825714,Elevated
2057,LL,LL1,2,26,121,7.834,2,65,12.35825714,Elevated
2057,LL,LL1,2,27,122,7.693,2,65,12.35825714,Elevated
2057,LL,LL1,2,28,123,7.78,2,65,12.35825714,Elevated
2053,LL,LL1,2,1,124,6.89,2,65,12.35825714,Elevated
2053,LL,LL1,2,2,125,NA,2,65,12.35825714,Elevated
2053,LL,LL1,2,3,126,7.204,2,65,12.35825714,Elevated
2053,LL,LL1,2,4,127,NA,2,65,12.35825714,Elevated
2053,LL,LL1,2,5,128,7.91,2,65,12.35825714,Elevated
2053,LL,LL1,2,6,129,7.787,2,65,12.35825714,Elevated
2053,LL,LL1,2,7,130,6.27,2,65,12.35825714,Elevated
2053,LL,LL1,2,8,131,6.053,2,65,12.35825714,Elevated
2053,LL,LL1,2,9,132,5.926,2,65,12.35825714,Elevated
2053,LL,LL1,2,10,133,7.423,2,65,12.35825714,Elevated
2053,LL,LL1,2,11,134,7.2,2,65,12.35825714,Elevated
2053,LL,LL1,2,12,135,7.895,2,65,12.35825714,Elevated
2035,LL,LL1,2,1,136,7.8,2,65,12.35825714,Elevated
2019,LL,LL1,2,1,137,6.56,2,65,12.35825714,Elevated
2019,LL,LL1,2,2,138,6.795,2,65,12.35825714,Elevated
2114,LL,LL2,2,2,139,6.822,2,65,12.35825714,Elevated
2114,LL,LL2,2,3,140,7.419,2,65,12.35825714,Elevated
2114,LL,LL2,2,4,141,7.119,2,65,12.35825714,Elevated
2114,LL,LL2,2,5,142,NA,2,65,12.35825714,Elevated
2114,LL,LL2,2,6,143,6.838,2,65,12.35825714,Elevated
2114,LL,LL2,2,8,144,7.413,2,65,12.35825714,Elevated
2114,LL,LL2,2,9,145,NA,2,65,12.35825714,Elevated
2114,LL,LL2,2,10,146,7.95,2,65,12.35825714,Elevated
2114,LL,LL2,2,11,147,6.68,2,65,12.35825714,Elevated
2114,LL,LL2,2,12,148,NA,2,65,12.35825714,Elevated
2114,LL,LL2,2,13,149,7.54,2,65,12.35825714,Elevated
2116,LL,LL2,2,1,150,8.651,2,65,12.35825714,Elevated
2116,LL,LL2,2,2,151,NA,2,65,12.35825714,Elevated
2107,LL,LL2,2,1,152,5.974,2,65,12.35825714,Elevated
2107,LL,LL2,2,2,153,7.897,2,65,12.35825714,Elevated
2107,LL,LL2,2,3,154,NA,2,65,12.35825714,Elevated
2107,LL,LL2,2,4,155,7.752,2,65,12.35825714,Elevated
2107,LL,LL2,2,5,156,NA,2,65,12.35825714,Elevated
2107,LL,LL2,2,6,157,NA,2,65,12.35825714,Elevated
2107,LL,LL2,2,7,158,7.771,2,65,12.35825714,Elevated
2107,LL,LL2,2,11,159,7.948,2,65,12.35825714,Elevated
2107,LL,LL2,2,12,160,7.071,2,65,12.35825714,Elevated
2107,LL,LL2,2,13,161,8.045,2,65,12.35825714,Elevated
2107,LL,LL2,2,14,162,7.722,2,65,12.35825714,Elevated
2265,TL,TL1,2,1,163,7.235,2,65,12.35825714,Elevated
2294,TL,TL1,2,1,164,NA,2,65,12.35825714,Elevated
2470,TT,TT1,3,1,165,NA,2,65,12.35825714,Ambient
2470,TT,TT1,3,2,166,7.542,2,65,12.35825714,Ambient
2412,TT,TT1,3,1,167,NA,2,65,12.35825714,Ambient
2412,TT,TT1,3,2,168,NA,2,65,12.35825714,Ambient
2446,TT,TT1,3,1,169,5.743,2,65,12.35825714,Ambient
2446,TT,TT1,3,2,170,6.727,2,65,12.35825714,Ambient
2446,TT,TT1,3,3,171,7.583,2,65,12.35825714,Ambient
2446,TT,TT1,3,4,172,NA,2,65,12.35825714,Ambient
2446,TT,TT1,3,5,173,NA,2,65,12.35825714,Ambient
2446,TT,TT1,3,6,174,6.946,2,65,12.35825714,Ambient
2446,TT,TT1,3,7,175,NA,2,65,12.35825714,Ambient
2446,TT,TT1,3,8,176,7.169,2,65,12.35825714,Ambient
2446,TT,TT1,3,9,177,NA,2,65,12.35825714,Ambient
2010,LL,LL1,3,1,178,5.919,2,65,12.35825714,Ambient
2010,LL,LL1,3,2,179,7.182,2,65,12.35825714,Ambient
2010,LL,LL1,3,3,180,NA,2,65,12.35825714,Ambient
2010,LL,LL1,3,4,181,8.287,2,65,12.35825714,Ambient
2010,LL,LL1,3,5,182,7.871,2,65,12.35825714,Ambient
2050,LL,LL1,3,1,183,7.804,2,65,12.35825714,Ambient
2050,LL,LL1,3,2,184,6.657,2,65,12.35825714,Ambient
2014,LL,LL1,3,1,185,NA,2,65,12.35825714,Ambient
2054,LL,LL1,3,1,186,6.95,2,65,12.35825714,Ambient
2054,LL,LL1,3,2,187,6.996,2,65,12.35825714,Ambient
2054,LL,LL1,3,3,188,6.674,2,65,12.35825714,Ambient
2054,LL,LL1,3,4,189,5.423,2,65,12.35825714,Ambient
2054,LL,LL1,3,5,190,6.909,2,65,12.35825714,Ambient
2054,LL,LL1,3,6,191,6.024,2,65,12.35825714,Ambient
2054,LL,LL1,3,7,192,6.71,2,65,12.35825714,Ambient
2054,LL,LL1,3,8,193,7.817,2,65,12.35825714,Ambient
2054,LL,LL1,3,9,194,7.581,2,65,12.35825714,Ambient
2054,LL,LL1,3,10,195,6.644,2,65,12.35825714,Ambient
2054,LL,LL1,3,11,196,NA,2,65,12.35825714,Ambient
2054,LL,LL1,3,13,197,7.875,2,65,12.35825714,Ambient
2065,LL,LL1,3,1,198,7.453,2,65,12.35825714,Ambient
2065,LL,LL1,3,2,199,7.865,2,65,12.35825714,Ambient
2065,LL,LL1,3,3,200,NA,2,65,12.35825714,Ambient
2065,LL,LL1,3,4,201,7.448,2,65,12.35825714,Ambient
2155,LL,LL2,3,1,202,NA,2,65,12.35825714,Ambient
2155,LL,LL2,3,2,203,7.252,2,65,12.35825714,Ambient
2155,LL,LL2,3,3,204,NA,2,65,12.35825714,Ambient
2155,LL,LL2,3,4,205,7.636,2,65,12.35825714,Ambient
2155,LL,LL2,3,5,206,NA,2,65,12.35825714,Ambient
2155,LL,LL2,3,6,207,NA,2,65,12.35825714,Ambient
2155,LL,LL2,3,7,208,7.115,2,65,12.35825714,Ambient
2232,TL,TL1,3,1,209,NA,2,65,12.35825714,Ambient
2232,TL,TL1,3,2,210,NA,2,65,12.35825714,Ambient
2232,TL,TL1,3,3,211,NA,2,65,12.35825714,Ambient
2381,TL,TL2,3,1,212,NA,2,65,12.35825714,Ambient
2381,TL,TL2,3,2,213,NA,2,65,12.35825714,Ambient
2410,TT,TT1,4,1,214,7.359,2,65,12.35825714,Ambient
2410,TT,TT1,4,2,215,NA,2,65,12.35825714,Ambient
2410,TT,TT1,4,3,216,NA,2,65,12.35825714,Ambient
2410,TT,TT1,4,4,217,7.531,2,65,12.35825714,Ambient
2410,TT,TT1,4,5,218,NA,2,65,12.35825714,Ambient
2410,TT,TT1,4,6,219,NA,2,65,12.35825714,Ambient
2410,TT,TT1,4,7,220,NA,2,65,12.35825714,Ambient
2410,TT,TT1,4,8,221,NA,2,65,12.35825714,Ambient
2410,TT,TT1,4,9,222,NA,2,65,12.35825714,Ambient
2410,TT,TT1,4,10,223,NA,2,65,12.35825714,Ambient
2410,TT,TT1,4,11,224,NA,2,65,12.35825714,Ambient
2410,TT,TT1,4,12,225,NA,2,65,12.35825714,Ambient
2410,TT,TT1,4,13,226,8.483,2,65,12.35825714,Ambient
2410,TT,TT1,4,14,227,8.249,2,65,12.35825714,Ambient
2410,TT,TT1,4,15,228,7.923,2,65,12.35825714,Ambient
2410,TT,TT1,4,16,229,NA,2,65,12.35825714,Ambient
2410,TT,TT1,4,17,230,NA,2,65,12.35825714,Ambient
2410,TT,TT1,4,18,231,8.27,2,65,12.35825714,Ambient
2410,TT,TT1,4,19,232,NA,2,65,12.35825714,Ambient
2410,TT,TT1,4,20,233,8.205,2,65,12.35825714,Ambient
2410,TT,TT1,4,21,234,NA,2,65,12.35825714,Ambient
2410,TT,TT1,4,22,235,NA,2,65,12.35825714,Ambient
2410,TT,TT1,4,23,236,NA,2,65,12.35825714,Ambient
2410,TT,TT1,4,24,237,NA,2,65,12.35825714,Ambient
2410,TT,TT1,4,25,238,NA,2,65,12.35825714,Ambient
2459,TT,TT1,4,1,239,NA,2,65,12.35825714,Ambient
2459,TT,TT1,4,1,240,NA,2,65,12.35825714,Ambient
2459,TT,TT1,4,2,241,NA,2,65,12.35825714,Ambient
2459,TT,TT1,4,3,242,NA,2,65,12.35825714,Ambient
2520,TT,TT2,4,1,243,NA,2,65,12.35825714,Ambient
2036,LL,LL1,4,1,244,NA,2,65,12.35825714,Ambient
2036,LL,LL1,4,2,245,NA,2,65,12.35825714,Ambient
2036,LL,LL1,4,3,246,NA,2,65,12.35825714,Ambient
2036,LL,LL1,4,1,247,7.047,2,65,12.35825714,Ambient
2036,LL,LL1,4,2,248,7.311,2,65,12.35825714,Ambient
2036,LL,LL1,4,3,249,7.786,2,65,12.35825714,Ambient
2036,LL,LL1,4,4,250,NA,2,65,12.35825714,Ambient
2036,LL,LL1,4,5,251,NA,2,65,12.35825714,Ambient
2036,LL,LL1,4,6,252,NA,2,65,12.35825714,Ambient
2036,LL,LL1,4,7,253,7.52,2,65,12.35825714,Ambient
2036,LL,LL1,4,8,254,7.48,2,65,12.35825714,Ambient
2036,LL,LL1,4,9,255,7.46,2,65,12.35825714,Ambient
2036,LL,LL1,4,10,256,7.351,2,65,12.35825714,Ambient
2036,LL,LL1,4,11,257,7.556,2,65,12.35825714,Ambient
2036,LL,LL1,4,12,258,7.92,2,65,12.35825714,Ambient
2036,LL,LL1,4,13,259,NA,2,65,12.35825714,Ambient
2017,LL,LL1,4,1,260,NA,2,65,12.35825714,Ambient
2017,LL,LL1,4,2,261,NA,2,65,12.35825714,Ambient
2017,LL,LL1,4,3,262,NA,2,65,12.35825714,Ambient
2017,LL,LL1,4,4,263,NA,2,65,12.35825714,Ambient
2017,LL,LL1,4,5,264,NA,2,65,12.35825714,Ambient
2009,LL,LL1,4,1,265,NA,2,65,12.35825714,Ambient
2009,LL,LL1,4,2,266,8.193,2,65,12.35825714,Ambient
2009,LL,LL1,4,3,267,7.625,2,65,12.35825714,Ambient
2015,LL,LL1,4,1,268,7.958,2,65,12.35825714,Ambient
2015,LL,LL1,4,2,269,8.372,2,65,12.35825714,Ambient
2015,LL,LL1,4,3,270,NA,2,65,12.35825714,Ambient
2069,LL,LL1,4,1,271,6.183,2,65,12.35825714,Ambient
2069,LL,LL1,4,2,272,6.986,2,65,12.35825714,Ambient
2069,LL,LL1,4,3,273,7.736,2,65,12.35825714,Ambient
2069,LL,LL1,4,4,274,7.9,2,65,12.35825714,Ambient
2069,LL,LL1,4,5,275,7.347,2,65,12.35825714,Ambient
2069,LL,LL1,4,6,276,7.446,2,65,12.35825714,Ambient
2069,LL,LL1,4,7,277,6.534,2,65,12.35825714,Ambient
2069,LL,LL1,4,8,278,8.081,2,65,12.35825714,Ambient
2117,LL,LL2,4,1,279,NA,2,65,12.35825714,Ambient
2117,LL,LL2,4,2,280,8.144,2,65,12.35825714,Ambient
2117,LL,LL2,4,3,281,NA,2,65,12.35825714,Ambient
2117,LL,LL2,4,4,282,6.314,2,65,12.35825714,Ambient
2117,LL,LL2,4,5,283,7.021,2,65,12.35825714,Ambient
2117,LL,LL2,4,6,284,6.715,2,65,12.35825714,Ambient
2117,LL,LL2,4,7,285,7.042,2,65,12.35825714,Ambient
2117,LL,LL2,4,8,286,NA,2,65,12.35825714,Ambient
2117,LL,LL2,4,9,287,7.232,2,65,12.35825714,Ambient
2117,LL,LL2,4,10,288,6.949,2,65,12.35825714,Ambient
2117,LL,LL2,4,11,289,7.709,2,65,12.35825714,Ambient
2117,LL,LL2,4,12,290,7.694,2,65,12.35825714,Ambient
2117,LL,LL2,4,13,291,6.388,2,65,12.35825714,Ambient
2117,LL,LL2,4,14,292,NA,2,65,12.35825714,Ambient
2117,LL,LL2,4,15,293,NA,2,65,12.35825714,Ambient
2117,LL,LL2,4,16,294,7.498,2,65,12.35825714,Ambient
2117,LL,LL2,4,17,295,7.796,2,65,12.35825714,Ambient
2117,LL,LL2,4,18,296,7.14,2,65,12.35825714,Ambient
2117,LL,LL2,4,19,297,NA,2,65,12.35825714,Ambient
2117,LL,LL2,4,21,298,7.74,2,65,12.35825714,Ambient
2117,LL,LL2,4,22,299,7.491,2,65,12.35825714,Ambient
2117,LL,LL2,4,25,300,7.944,2,65,12.35825714,Ambient
2117,LL,LL2,4,26,301,NA,2,65,12.35825714,Ambient
2117,LL,LL2,4,27,302,7.904,2,65,12.35825714,Ambient
2117,LL,LL2,4,28,303,8.285,2,65,12.35825714,Ambient
2117,LL,LL2,4,29,304,8.077,2,65,12.35825714,Ambient
2117,LL,LL2,4,30,305,NA,2,65,12.35825714,Ambient
2117,LL,LL2,4,31,306,8.099,2,65,12.35825714,Ambient
2117,LL,LL2,4,33,307,7.96,2,65,12.35825714,Ambient
2117,LL,LL2,4,34,308,NA,2,65,12.35825714,Ambient
2117,LL,LL2,4,35,309,NA,2,65,12.35825714,Ambient
2398,TL,TL2,4,1,310,5.771,2,65,12.35825714,Ambient
2420,TT,TT1,5,1,311,NA,2,65,12.35825714,Elevated
2420,TT,TT1,5,2,312,NA,2,65,12.35825714,Elevated
2420,TT,TT1,5,3,313,NA,2,65,12.35825714,Elevated
2420,TT,TT1,5,4,314,NA,2,65,12.35825714,Elevated
2420,TT,TT1,5,5,315,NA,2,65,12.35825714,Elevated
2420,TT,TT1,5,6,316,NA,2,65,12.35825714,Elevated
2420,TT,TT1,5,7,317,NA,2,65,12.35825714,Elevated
2420,TT,TT1,5,8,318,NA,2,65,12.35825714,Elevated
2420,TT,TT1,5,9,319,NA,2,65,12.35825714,Elevated
2420,TT,TT1,5,10,320,NA,2,65,12.35825714,Elevated
2420,TT,TT1,5,11,321,NA,2,65,12.35825714,Elevated
2420,TT,TT1,5,12,322,NA,2,65,12.35825714,Elevated
2420,TT,TT1,5,13,323,NA,2,65,12.35825714,Elevated
2405,TT,TT1,5,1,324,NA,2,65,12.35825714,Elevated
2405,TT,TT1,5,2,325,NA,2,65,12.35825714,Elevated
2405,TT,TT1,5,3,326,NA,2,65,12.35825714,Elevated
2405,TT,TT1,5,4,327,6.691,2,65,12.35825714,Elevated
2405,TT,TT1,5,5,328,NA,2,65,12.35825714,Elevated
2405,TT,TT1,5,6,329,7.383,2,65,12.35825714,Elevated
2507,TT,TT2,5,1,330,NA,2,65,12.35825714,Elevated
2507,TT,TT2,5,2,331,NA,2,65,12.35825714,Elevated
2507,TT,TT2,5,3,332,NA,2,65,12.35825714,Elevated
2580,TT,TT2,5,1,333,NA,2,65,12.35825714,Elevated
2580,TT,TT2,5,2,334,NA,2,65,12.35825714,Elevated
2091,LL,LL1,5,1,335,NA,2,65,12.35825714,Elevated
2091,LL,LL1,5,2,336,8.547,2,65,12.35825714,Elevated
2091,LL,LL1,5,3,337,7.504,2,65,12.35825714,Elevated
2011,LL,LL1,5,1,338,NA,2,65,12.35825714,Elevated
2011,LL,LL1,5,4,339,NA,2,65,12.35825714,Elevated
2011,LL,LL1,5,5,340,NA,2,65,12.35825714,Elevated
2011,LL,LL1,5,6,341,NA,2,65,12.35825714,Elevated
2012,LL,LL1,5,1,342,NA,2,65,12.35825714,Elevated
2012,LL,LL1,5,2,343,NA,2,65,12.35825714,Elevated
2012,LL,LL1,5,3,344,8.162,2,65,12.35825714,Elevated
2012,LL,LL1,5,4,345,NA,2,65,12.35825714,Elevated
2012,LL,LL1,5,5,346,NA,2,65,12.35825714,Elevated
2012,LL,LL1,5,6,347,7.865,2,65,12.35825714,Elevated
2070,LL,LL1,5,1,348,7.78,2,65,12.35825714,Elevated
2070,LL,LL1,5,2,349,8.211,2,65,12.35825714,Elevated
2070,LL,LL1,5,3,350,7.737,2,65,12.35825714,Elevated
2070,LL,LL1,5,4,351,7.735,2,65,12.35825714,Elevated
2070,LL,LL1,5,5,352,7.897,2,65,12.35825714,Elevated
2070,LL,LL1,5,6,353,8.019,2,65,12.35825714,Elevated
2070,LL,LL1,5,7,354,7.727,2,65,12.35825714,Elevated
2070,LL,LL1,5,8,355,7.405,2,65,12.35825714,Elevated
2070,LL,LL1,5,9,356,8.336,2,65,12.35825714,Elevated
2070,LL,LL1,5,10,357,7.217,2,65,12.35825714,Elevated
2070,LL,LL1,5,11,358,6.706,2,65,12.35825714,Elevated
2070,LL,LL1,5,12,359,7.793,2,65,12.35825714,Elevated
2070,LL,LL1,5,13,360,8.052,2,65,12.35825714,Elevated
2070,LL,LL1,5,14,361,8.157,2,65,12.35825714,Elevated
2070,LL,LL1,5,15,362,8.842,2,65,12.35825714,Elevated
2040,LL,LL1,5,1,363,8.364,2,65,12.35825714,Elevated
2040,LL,LL1,5,2,364,7.748,2,65,12.35825714,Elevated
2040,LL,LL1,5,3,365,7.62,2,65,12.35825714,Elevated
2040,LL,LL1,5,4,366,NA,2,65,12.35825714,Elevated
2040,LL,LL1,5,5,367,8.493,2,65,12.35825714,Elevated
2040,LL,LL1,5,6,368,NA,2,65,12.35825714,Elevated
2040,LL,LL1,5,7,369,7.763,2,65,12.35825714,Elevated
2175,LL,LL2,5,1,370,NA,2,65,12.35825714,Elevated
2175,LL,LL2,5,2,371,NA,2,65,12.35825714,Elevated
2200,LL,LL2,5,1,372,7.765,2,65,12.35825714,Elevated
2200,LL,LL2,5,2,373,8.112,2,65,12.35825714,Elevated
2200,LL,LL2,5,3,374,7.45,2,65,12.35825714,Elevated
2200,LL,LL2,5,4,375,7.353,2,65,12.35825714,Elevated
2201,TL,TL1,5,1,376,NA,2,65,12.35825714,Elevated
2419,TT,TT1,6,1,377,7.597,2,65,12.35825714,Elevated
2429,TT,TT1,6,1,378,NA,2,65,12.35825714,Elevated
2429,TT,TT1,6,2,379,8.645,2,65,12.35825714,Elevated
2429,TT,TT1,6,3,380,NA,2,65,12.35825714,Elevated
2429,TT,TT1,6,4,381,8.935,2,65,12.35825714,Elevated
2429,TT,TT1,6,5,382,NA,2,65,12.35825714,Elevated
2429,TT,TT1,6,6,383,9.078,2,65,12.35825714,Elevated
2429,TT,TT1,6,7,384,NA,2,65,12.35825714,Elevated
2429,TT,TT1,6,8,385,NA,2,65,12.35825714,Elevated
2429,TT,TT1,6,9,386,NA,2,65,12.35825714,Elevated
2429,TT,TT1,6,10,387,9.157,2,65,12.35825714,Elevated
2429,TT,TT1,6,11,388,NA,2,65,12.35825714,Elevated
2429,TT,TT1,6,12,389,NA,2,65,12.35825714,Elevated
2429,TT,TT1,6,13,390,NA,2,65,12.35825714,Elevated
2429,TT,TT1,6,14,391,8.913,2,65,12.35825714,Elevated
2429,TT,TT1,6,15,392,8.51,2,65,12.35825714,Elevated
2429,TT,TT1,6,16,393,NA,2,65,12.35825714,Elevated
2429,TT,TT1,6,17,394,NA,2,65,12.35825714,Elevated
2417,TT,TT1,6,1,395,NA,2,65,12.35825714,Elevated
2417,TT,TT1,6,2,396,NA,2,65,12.35825714,Elevated
2417,TT,TT1,6,3,397,NA,2,65,12.35825714,Elevated
2417,TT,TT1,6,4,398,NA,2,65,12.35825714,Elevated
2505,TT,TT2,6,1,399,NA,2,65,12.35825714,Elevated
2521,TT,TT2,6,1,400,8.242,2,65,12.35825714,Elevated
2521,TT,TT2,6,2,401,NA,2,65,12.35825714,Elevated
2521,TT,TT2,6,3,402,NA,2,65,12.35825714,Elevated
2521,TT,TT2,6,4,403,NA,2,65,12.35825714,Elevated
2066,LL,LL1,6,1,404,7.491,2,65,12.35825714,Elevated
2066,LL,LL1,6,2,405,7.377,2,65,12.35825714,Elevated
2066,LL,LL1,6,3,406,7.777,2,65,12.35825714,Elevated
2066,LL,LL1,6,4,407,7.728,2,65,12.35825714,Elevated
2066,LL,LL1,6,5,408,NA,2,65,12.35825714,Elevated
2033,LL,LL1,6,1,409,7.298,2,65,12.35825714,Elevated
2033,LL,LL1,6,2,410,NA,2,65,12.35825714,Elevated
2033,LL,LL1,6,3,411,NA,2,65,12.35825714,Elevated
2033,LL,LL1,6,4,412,NA,2,65,12.35825714,Elevated
2033,LL,LL1,6,5,413,NA,2,65,12.35825714,Elevated
2033,LL,LL1,6,6,414,NA,2,65,12.35825714,Elevated
2033,LL,LL1,6,7,415,NA,2,65,12.35825714,Elevated
2033,LL,LL1,6,8,416,8.083,2,65,12.35825714,Elevated
2033,LL,LL1,6,9,417,7.788,2,65,12.35825714,Elevated
2051,LL,LL1,6,1,418,8.328,2,65,12.35825714,Elevated
2051,LL,LL1,6,2,419,8.144,2,65,12.35825714,Elevated
2051,LL,LL1,6,3,420,NA,2,65,12.35825714,Elevated
2051,LL,LL1,6,4,421,9.161,2,65,12.35825714,Elevated
2051,LL,LL1,6,5,422,NA,2,65,12.35825714,Elevated
2051,LL,LL1,6,6,423,NA,2,65,12.35825714,Elevated
2051,LL,LL1,6,7,424,NA,2,65,12.35825714,Elevated
2051,LL,LL1,6,8,425,NA,2,65,12.35825714,Elevated
2051,LL,LL1,6,9,426,NA,2,65,12.35825714,Elevated
2051,LL,LL1,6,10,427,NA,2,65,12.35825714,Elevated
2051,LL,LL1,6,11,428,NA,2,65,12.35825714,Elevated
2051,LL,LL1,6,12,429,8.418,2,65,12.35825714,Elevated
2044,LL,LL1,6,1,430,NA,2,65,12.35825714,Elevated
2044,LL,LL1,6,2,431,7.887,2,65,12.35825714,Elevated
2109,LL,LL2,6,1,432,NA,2,65,12.35825714,Elevated
2109,LL,LL2,6,2,433,NA,2,65,12.35825714,Elevated
2169,LL,LL2,6,1,434,NA,2,65,12.35825714,Elevated
2169,LL,LL2,6,2,435,NA,2,65,12.35825714,Elevated
2179,LL,LL2,6,1,436,6.94,2,65,12.35825714,Elevated
2179,LL,LL2,6,2,437,NA,2,65,12.35825714,Elevated
2179,LL,LL2,6,3,438,8.586,2,65,12.35825714,Elevated
2179,LL,LL2,6,4,439,8.812,2,65,12.35825714,Elevated
2179,LL,LL2,6,5,440,8.805,2,65,12.35825714,Elevated
2179,LL,LL2,6,6,441,7.692,2,65,12.35825714,Elevated
2133,LL,LL2,6,1,442,6.717,2,65,12.35825714,Elevated
2204,TL,TL1,6,1,443,7.693,2,65,12.35825714,Elevated
2330,TL,TL2,6,1,444,NA,2,65,12.35825714,Elevated
2413,TT,TT1,7,1,445,NA,2,65,12.35825714,Ambient
2413,TT,TT1,7,2,446,9.084,2,65,12.35825714,Ambient
2413,TT,TT1,7,3,447,8.727,2,65,12.35825714,Ambient
2413,TT,TT1,7,4,448,8.64,2,65,12.35825714,Ambient
2413,TT,TT1,7,5,449,NA,2,65,12.35825714,Ambient
2413,TT,TT1,7,6,450,NA,2,65,12.35825714,Ambient
2413,TT,TT1,7,7,451,9.134,2,65,12.35825714,Ambient
2413,TT,TT1,7,8,452,NA,2,65,12.35825714,Ambient
2413,TT,TT1,7,9,453,NA,2,65,12.35825714,Ambient
2455,TT,TT1,7,1,454,NA,2,65,12.35825714,Ambient
2455,TT,TT1,7,2,455,NA,2,65,12.35825714,Ambient
2455,TT,TT1,7,3,456,NA,2,65,12.35825714,Ambient
2455,TT,TT1,7,4,457,NA,2,65,12.35825714,Ambient
2455,TT,TT1,7,5,458,7.35,2,65,12.35825714,Ambient
2455,TT,TT1,7,6,459,7.98,2,65,12.35825714,Ambient
2450,TT,TT1,7,1,460,NA,2,65,12.35825714,Ambient
2450,TT,TT1,7,2,461,NA,2,65,12.35825714,Ambient
2450,TT,TT1,7,3,462,NA,2,65,12.35825714,Ambient
2450,TT,TT1,7,4,463,8.831,2,65,12.35825714,Ambient
2450,TT,TT1,7,5,464,NA,2,65,12.35825714,Ambient
2450,TT,TT1,7,6,465,NA,2,65,12.35825714,Ambient
2450,TT,TT1,7,7,466,NA,2,65,12.35825714,Ambient
2450,TT,TT1,7,8,467,NA,2,65,12.35825714,Ambient
2450,TT,TT1,7,9,468,7.266,2,65,12.35825714,Ambient
2450,TT,TT1,7,10,469,9.005,2,65,12.35825714,Ambient
2450,TT,TT1,7,11,470,8.902,2,65,12.35825714,Ambient
2569,TT,TT2,7,1,471,NA,2,65,12.35825714,Ambient
2569,TT,TT2,7,2,472,NA,2,65,12.35825714,Ambient
2013,LL,LL1,7,1,473,7.845,2,65,12.35825714,Ambient
2013,LL,LL1,7,2,474,8.777,2,65,12.35825714,Ambient
2013,LL,LL1,7,3,475,8.794,2,65,12.35825714,Ambient
2013,LL,LL1,7,4,476,8.557,2,65,12.35825714,Ambient
2013,LL,LL1,7,5,477,NA,2,65,12.35825714,Ambient
2013,LL,LL1,7,6,478,8.001,2,65,12.35825714,Ambient
2013,LL,LL1,7,7,479,8.198,2,65,12.35825714,Ambient
2013,LL,LL1,7,8,480,8.321,2,65,12.35825714,Ambient
2013,LL,LL1,7,9,481,7.932,2,65,12.35825714,Ambient
2013,LL,LL1,7,10,482,8.389,2,65,12.35825714,Ambient
2031,LL,LL1,7,1,483,10.327,2,65,12.35825714,Ambient
2187,LL,LL2,7,1,484,NA,2,65,12.35825714,Ambient
2170,LL,LL2,7,1,485,6.53,2,65,12.35825714,Ambient
2170,LL,LL2,7,2,486,5.864,2,65,12.35825714,Ambient
2170,LL,LL2,7,3,487,7.494,2,65,12.35825714,Ambient
2170,LL,LL2,7,4,488,NA,2,65,12.35825714,Ambient
2170,LL,LL2,7,5,489,7.673,2,65,12.35825714,Ambient
2170,LL,LL2,7,6,490,8.224,2,65,12.35825714,Ambient
2170,LL,LL2,7,7,491,NA,2,65,12.35825714,Ambient
2170,LL,LL2,7,8,492,NA,2,65,12.35825714,Ambient
2170,LL,LL2,7,9,493,NA,2,65,12.35825714,Ambient
2185,LL,LL2,7,1,494,6.856,2,65,12.35825714,Ambient
2426,TT,TT1,8,1,495,NA,2,65,12.35825714,Ambient
2426,TT,TT1,8,2,496,NA,2,65,12.35825714,Ambient
2426,TT,TT1,8,3,497,NA,2,65,12.35825714,Ambient
2426,TT,TT1,8,4,498,NA,2,65,12.35825714,Ambient
2426,TT,TT1,8,5,499,NA,2,65,12.35825714,Ambient
2426,TT,TT1,8,6,500,NA,2,65,12.35825714,Ambient
2426,TT,TT1,8,7,501,NA,2,65,12.35825714,Ambient
2426,TT,TT1,8,8,502,NA,2,65,12.35825714,Ambient
2426,TT,TT1,8,9,503,NA,2,65,12.35825714,Ambient
2426,TT,TT1,8,10,504,NA,2,65,12.35825714,Ambient
2426,TT,TT1,8,11,505,NA,2,65,12.35825714,Ambient
2426,TT,TT1,8,12,506,NA,2,65,12.35825714,Ambient
2426,TT,TT1,8,13,507,NA,2,65,12.35825714,Ambient
2426,TT,TT1,8,14,508,9.056,2,65,12.35825714,Ambient
2426,TT,TT1,8,15,509,NA,2,65,12.35825714,Ambient
2591,TT,TT2,8,1,510,6.818,2,65,12.35825714,Ambient
2591,TT,TT2,8,2,511,NA,2,65,12.35825714,Ambient
2591,TT,TT2,8,3,512,NA,2,65,12.35825714,Ambient
2502,TT,TT2,8,1,513,8.364,2,65,12.35825714,Ambient
2086,LL,LL1,8,1,514,NA,2,65,12.35825714,Ambient
2086,LL,LL1,8,2,515,8.318,2,65,12.35825714,Ambient
2002,LL,LL1,8,1,516,7.816,2,65,12.35825714,Ambient
2002,LL,LL1,8,3,517,8.162,2,65,12.35825714,Ambient
2002,LL,LL1,8,4,518,NA,2,65,12.35825714,Ambient
2002,LL,LL1,8,5,519,8.485,2,65,12.35825714,Ambient
2002,LL,LL1,8,6,520,9.025,2,65,12.35825714,Ambient
2002,LL,LL1,8,7,521,8.93,2,65,12.35825714,Ambient
2002,LL,LL1,8,8,522,8.821,2,65,12.35825714,Ambient
2002,LL,LL1,8,9,523,9.411,2,65,12.35825714,Ambient
2002,LL,LL1,8,10,524,7.786,2,65,12.35825714,Ambient
2002,LL,LL1,8,11,525,8.891,2,65,12.35825714,Ambient
2002,LL,LL1,8,12,526,8.868,2,65,12.35825714,Ambient
2003,LL,LL1,8,1,527,NA,2,65,12.35825714,Ambient
2063,LL,LL1,8,1,528,7.761,2,65,12.35825714,Ambient
2063,LL,LL1,8,2,529,7.372,2,65,12.35825714,Ambient
2063,LL,LL1,8,3,530,7.628,2,65,12.35825714,Ambient
2063,LL,LL1,8,4,531,7.996,2,65,12.35825714,Ambient
2063,LL,LL1,8,5,532,7.218,2,65,12.35825714,Ambient
2063,LL,LL1,8,6,533,7.245,2,65,12.35825714,Ambient
2059,LL,LL1,8,1,534,NA,2,65,12.35825714,Ambient
2059,LL,LL1,8,2,535,NA,2,65,12.35825714,Ambient
2059,LL,LL1,8,3,536,6.062,2,65,12.35825714,Ambient
2059,LL,LL1,8,4,537,8.456,2,65,12.35825714,Ambient
2028,LL,LL1,8,1,538,8.155,2,65,12.35825714,Ambient
2067,LL,LL1,8,1,539,7.861,2,65,12.35825714,Ambient
2067,LL,LL1,8,2,540,8.379,2,65,12.35825714,Ambient
2067,LL,LL1,8,3,541,7.902,2,65,12.35825714,Ambient
2143,LL,LL2,8,1,542,7.515,2,65,12.35825714,Ambient
2134,LL,LL2,8,1,543,6.774,2,65,12.35825714,Ambient
2134,LL,LL2,8,2,544,6.083,2,65,12.35825714,Ambient
2134,LL,LL2,8,3,545,8.484,2,65,12.35825714,Ambient
2134,LL,LL2,8,4,546,8.477,2,65,12.35825714,Ambient
2134,LL,LL2,8,5,547,NA,2,65,12.35825714,Ambient
2134,LL,LL2,8,6,548,8.339,2,65,12.35825714,Ambient
2134,LL,LL2,8,7,549,NA,2,65,12.35825714,Ambient
2134,LL,LL2,8,8,550,NA,2,65,12.35825714,Ambient
2134,LL,LL2,8,9,551,NA,2,65,12.35825714,Ambient
2134,LL,LL2,8,10,552,NA,2,65,12.35825714,Ambient
2134,LL,LL2,8,11,553,8.611,2,65,12.35825714,Ambient
2198,LL,LL2,8,1,554,NA,2,65,12.35825714,Ambient
2127,LL,LL2,8,1,555,8.147,2,65,12.35825714,Ambient
2127,LL,LL2,8,2,556,NA,2,65,12.35825714,Ambient
2136,LL,LL2,8,1,557,NA,2,65,12.35825714,Ambient
2238,TL,TL1,8,1,558,8.331,2,65,12.35825714,Ambient
2238,TL,TL1,8,2,559,NA,2,65,12.35825714,Ambient
2238,TL,TL1,8,3,560,NA,2,65,12.35825714,Ambient
2310,TL,TL2,8,1,561,NA,2,65,12.35825714,Ambient
